Year,Treatment_code,yield_lbs,yield_kg,smk,ss,tsmk,ok,,,,,,,,,,,,,,,,,,,,,,,,,,
2001,153,4169.71,4674.24,73,3,76,3,,,,,,,,,,,,,,,,,,,,,,,,,,
2001,253,4390.85,4922.14,73,3,76,3,,,,,,,,,,,,,,,,,,,,,,,,,,
2001,353,4760.24,5336.23,72,3,75,4,,,,,,,,,,,,,,,,,,,,,,,,,,
2001,152,4679.00,5245.16,71,4,75,4,,,,,,,,,,,,,,,,,,,,,,,,,,
2001,252,4871.75,5461.23,74,3,77,3,,,,,,,,,,,,,,,,,,,,,,,,,,
2001,352,5021.02,5628.56,74,2,76,2,,,,,,,,,,,,,,,,,,,,,,,,,,
2001,151,4495.39,5039.33,69,2,71,5,,,,,,,,,,,,,,,,,,,,,,,,,,
2001,251,4807.21,5388.88,72,3,75,3,,,,,,,,,,,,,,,,,,,,,,,,,,
2001,351,4780.27,5358.69,71,4,75,3,,,,,,,,,,,,,,,,,,,,,,,,,,
2001,154,2354.42,2639.30,71,5,76,4,,,,,,,,,,,,,,,,,,,,,,,,,,
2001,254,3176.03,3560.33,71,5,76,3,,,,,,,,,,,,,,,,,,,,,,,,,,
2001,354,3971.80,4452.39,72,6,78,2,,,,,,,,,,,,,,,,,,,,,,,,,,
2002,2154,3091.16,3465.19,66,1,67,4,,,,,,,,,,,,,,,,,,,,,,,,,,
2002,3154,2936.71,3292.05,66,0,66,5,,,,,,,,,,,,,,,,,,,,,,,,,,
2002,6154,3203.65,3591.29,68,0,68,5,,,,,,,,,,,,,,,,,,,,,,,,,,
2002,6254,3178.14,3562.69,72,0,72,4,,,,,,,,,,,,,,,,,,,,,,,,,,
2002,2254,3588.65,4022.87,70,1,71,4,,,,,,,,,,,,,,,,,,,,,,,,,,
2002,3254,3544.32,3973.18,68,0,68,5,,,,,,,,,,,,,,,,,,,,,,,,,,
2002,3354,4002.92,4487.27,72,0,72,4,,,,,,,,,,,,,,,,,,,,,,,,,,
2002,6354,3727.76,4178.82,68,1,69,5,,,,,,,,,,,,,,,,,,,,,,,,,,
2002,2354,3833.21,4297.03,72,1,73,5,,,,,,,,,,,,,,,,,,,,,,,,,,
2002,2153,3715.89,4165.51,71,1,72,6,,,,,,,,,,,,,,,,,,,,,,,,,,
2002,3153,4236.11,4748.68,72,1,73,5,,,,,,,,,,,,,,,,,,,,,,,,,,
2002,6153,4117.30,4615.50,74,1,75,3,,,,,,,,,,,,,,,,,,,,,,,,,,
2002,6253,4035.37,4523.64,77,1,78,0,,,,,,,,,,,,,,,,,,,,,,,,,,
2002,2253,4526.34,5074.02,71,1,72,6,,,,,,,,,,,,,,,,,,,,,,,,,,
2002,3253,4087.83,4582.46,75,1,76,2,,,,,,,,,,,,,,,,,,,,,,,,,,
2002,3353,4495.72,5039.70,73,2,75,3,,,,,,,,,,,,,,,,,,,,,,,,,,
2002,6353,3921.16,4395.62,74,2,76,2,,,,,,,,,,,,,,,,,,,,,,,,,,
2002,2353,4836.83,5422.09,75,1,76,2,,,,,,,,,,,,,,,,,,,,,,,,,,
2002,2152,4418.53,4953.17,73,1,74,4,,,,,,,,,,,,,,,,,,,,,,,,,,
2002,3152,4785.95,5365.05,73,1,74,4,,,,,,,,,,,,,,,,,,,,,,,,,,
2002,6152,4404.08,4936.97,73,2,75,3,,,,,,,,,,,,,,,,,,,,,,,,,,
2002,6252,3974.34,4455.24,76,1,77,1,,,,,,,,,,,,,,,,,,,,,,,,,,
2002,2252,4668.50,5233.39,70,1,71,7,,,,,,,,,,,,,,,,,,,,,,,,,,
2002,3252,4689.78,5257.24,73,3,76,2,,,,,,,,,,,,,,,,,,,,,,,,,,
2002,3352,4983.10,5586.05,69,3,72,6,,,,,,,,,,,,,,,,,,,,,,,,,,
2002,6352,4571.83,5125.03,74,1,75,3,,,,,,,,,,,,,,,,,,,,,,,,,,
2002,2352,4947.23,5545.85,72,2,74,4,,,,,,,,,,,,,,,,,,,,,,,,,,
2002,2151,4587.43,5142.51,71,1,72,6,,,,,,,,,,,,,,,,,,,,,,,,,,
2002,3151,4426.58,4962.19,68,2,70,8,,,,,,,,,,,,,,,,,,,,,,,,,,
2002,6151,4084.10,4578.27,70,3,73,5,,,,,,,,,,,,,,,,,,,,,,,,,,
2002,6251,3546.55,3975.68,74,1,75,3,,,,,,,,,,,,,,,,,,,,,,,,,,
2002,2251,4234.67,4747.07,70,2,72,6,,,,,,,,,,,,,,,,,,,,,,,,,,
2002,3251,4892.89,5484.93,71,2,73,5,,,,,,,,,,,,,,,,,,,,,,,,,,
2002,3351,4929.12,5525.54,71,2,73,5,,,,,,,,,,,,,,,,,,,,,,,,,,
2002,6351,3987.28,4469.74,71,2,73,5,,,,,,,,,,,,,,,,,,,,,,,,,,
2002,2351,4892.89,5484.93,70,2,72,6,,,,,,,,,,,,,,,,,,,,,,,,,,
2003,1154,4406.30,4939.47,67,8,75,3,,,,,,,,,,,,,,,,,,,,,,,,,,
2003,6154,5170.57,5796.21,72,2,74,4,,,,,,,,,,,,,,,,,,,,,,,,,,
2003,5154,4226.92,4738.38,70,3,73,5,,,,,,,,,,,,,,,,,,,,,,,,,,
2003,4154,4477.74,5019.55,69,4,73,5,,,,,,,,,,,,,,,,,,,,,,,,,,
2003,1254,4615.13,5173.56,68,6,74,4,,,,,,,,,,,,,,,,,,,,,,,,,,
2003,4254,4053.03,4543.45,66,6,72,6,,,,,,,,,,,,,,,,,,,,,,,,,,
2003,6254,3606.72,4043.13,72,2,74,4,,,,,,,,,,,,,,,,,,,,,,,,,,
2003,5254,4040.18,4529.04,66,7,73,5,,,,,,,,,,,,,,,,,,,,,,,,,,
2003,1354,4425.57,4961.07,67,5,72,6,,,,,,,,,,,,,,,,,,,,,,,,,,
2003,6354,4147.66,4649.53,73,3,76,2,,,,,,,,,,,,,,,,,,,,,,,,,,
2003,5354,4524.88,5072.39,71,3,74,4,,,,,,,,,,,,,,,,,,,,,,,,,,
2003,4354,4451.25,4989.85,71,2,73,5,,,,,,,,,,,,,,,,,,,,,,,,,,
2003,1153,5049.11,5660.05,68,6,74,4,,,,,,,,,,,,,,,,,,,,,,,,,,
2003,6153,3591.21,4025.74,72,3,75,3,,,,,,,,,,,,,,,,,,,,,,,,,,
2003,5153,5574.02,6248.47,73,3,76,2,,,,,,,,,,,,,,,,,,,,,,,,,,
2003,4153,5590.69,6267.17,71,5,76,2,,,,,,,,,,,,,,,,,,,,,,,,,,
2003,1253,5195.40,5824.04,70,5,75,3,,,,,,,,,,,,,,,,,,,,,,,,,,
2003,4253,5190.89,5818.99,72,6,78,0,,,,,,,,,,,,,,,,,,,,,,,,,,
2003,6253,3012.43,3376.93,72,3,75,3,,,,,,,,,,,,,,,,,,,,,,,,,,
2003,5253,4478.02,5019.86,72,5,77,1,,,,,,,,,,,,,,,,,,,,,,,,,,
2003,1353,5584.14,6259.82,71,7,78,0,,,,,,,,,,,,,,,,,,,,,,,,,,
2003,6353,4183.08,4689.24,76,3,79,1,,,,,,,,,,,,,,,,,,,,,,,,,,
2003,5353,5189.63,5817.58,74,4,78,0,,,,,,,,,,,,,,,,,,,,,,,,,,
2003,4353,4901.67,5494.77,73,4,77,1,,,,,,,,,,,,,,,,,,,,,,,,,,
2003,1152,4867.59,5456.57,69,7,76,2,,,,,,,,,,,,,,,,,,,,,,,,,,
2003,6152,2970.32,3329.73,69,3,72,6,,,,,,,,,,,,,,,,,,,,,,,,,,
2003,5152,5744.79,6439.91,73,4,77,1,,,,,,,,,,,,,,,,,,,,,,,,,,
2003,4152,4530.75,5078.97,74,3,77,1,,,,,,,,,,,,,,,,,,,,,,,,,,
2003,1252,4960.37,5560.58,71,5,76,2,,,,,,,,,,,,,,,,,,,,,,,,,,
2003,4252,5067.62,5680.80,74,4,78,0,,,,,,,,,,,,,,,,,,,,,,,,,,
2003,6252,3199.35,3586.47,74,3,77,1,,,,,,,,,,,,,,,,,,,,,,,,,,
2003,5252,4915.62,5510.40,73,3,76,2,,,,,,,,,,,,,,,,,,,,,,,,,,
2003,1352,4902.23,5495.40,72,5,77,1,,,,,,,,,,,,,,,,,,,,,,,,,,
2003,6352,3702.78,4150.81,75,3,78,0,,,,,,,,,,,,,,,,,,,,,,,,,,
2003,5352,5079.47,5694.08,71,4,75,3,,,,,,,,,,,,,,,,,,,,,,,,,,
2003,4352,4835.00,5420.03,75,3,78,0,,,,,,,,,,,,,,,,,,,,,,,,,,
2003,1151,3833.99,4297.90,69,7,76,2,,,,,,,,,,,,,,,,,,,,,,,,,,
2003,6151,2712.58,3040.80,67,2,69,5,,,,,,,,,,,,,,,,,,,,,,,,,,
2003,5151,5549.75,6221.27,75,2,77,1,,,,,,,,,,,,,,,,,,,,,,,,,,
2003,4151,4823.86,5407.54,72,5,77,1,,,,,,,,,,,,,,,,,,,,,,,,,,
2003,1251,4371.34,4900.27,71,5,76,2,,,,,,,,,,,,,,,,,,,,,,,,,,
2003,4251,4920.08,5515.41,70,6,76,2,,,,,,,,,,,,,,,,,,,,,,,,,,
2003,6251,3074.87,3446.93,73,2,75,3,,,,,,,,,,,,,,,,,,,,,,,,,,
2003,5251,4438.00,4975.00,72,4,76,2,,,,,,,,,,,,,,,,,,,,,,,,,,
2003,1351,4244.58,4758.18,68,8,76,2,,,,,,,,,,,,,,,,,,,,,,,,,,
2003,6351,2896.30,3246.76,72,2,74,4,,,,,,,,,,,,,,,,,,,,,,,,,,
2003,5351,4837.80,5423.18,73,4,77,1,,,,,,,,,,,,,,,,,,,,,,,,,,
2003,4351,5027.55,5635.88,72,4,76,2,,,,,,,,,,,,,,,,,,,,,,,,,,
2004,2154,4000.26,4484.29,64,6,70,5,,,,,,,,,,,,,,,,,,,,,,,,,,
2004,3154,3607.13,4043.59,66,3,69,7,,,,,,,,,,,,,,,,,,,,,,,,,,
2004,6154,3612.65,4049.78,70,3,73,5,,,,,,,,,,,,,,,,,,,,,,,,,,
2004,6254,3875.10,4343.98,67,5,72,5,,,,,,,,,,,,,,,,,,,,,,,,,,
2004,2254,3268.74,3664.26,66,3,69,6,,,,,,,,,,,,,,,,,,,,,,,,,,
2004,3254,3076.06,3448.27,68,3,71,6,,,,,,,,,,,,,,,,,,,,,,,,,,
2004,3354,3387.23,3797.08,69,3,72,6,,,,,,,,,,,,,,,,,,,,,,,,,,
2004,6354,2878.44,3226.74,69,2,71,6,,,,,,,,,,,,,,,,,,,,,,,,,,
2004,2354,2892.38,3242.36,68,2,70,6,,,,,,,,,,,,,,,,,,,,,,,,,,
2004,2153,4460.54,5000.27,69,4,73,4,,,,,,,,,,,,,,,,,,,,,,,,,,
2004,3153,4563.35,5115.51,69,6,75,3,,,,,,,,,,,,,,,,,,,,,,,,,,
2004,6153,3869.22,4337.39,69,6,75,3,,,,,,,,,,,,,,,,,,,,,,,,,,
2004,6253,3767.58,4223.45,70,5,75,3,,,,,,,,,,,,,,,,,,,,,,,,,,
2004,2253,4441.67,4979.11,67,5,72,4,,,,,,,,,,,,,,,,,,,,,,,,,,
2004,3253,4369.94,4898.70,72,4,76,3,,,,,,,,,,,,,,,,,,,,,,,,,,
2004,3353,4986.53,5589.90,71,5,76,3,,,,,,,,,,,,,,,,,,,,,,,,,,
2004,6353,2848.46,3193.12,71,4,75,3,,,,,,,,,,,,,,,,,,,,,,,,,,
2004,2353,4265.25,4781.35,68,7,75,4,,,,,,,,,,,,,,,,,,,,,,,,,,
2004,2152,4885.69,5476.86,69,5,74,3,,,,,,,,,,,,,,,,,,,,,,,,,,
2004,3152,5112.64,5731.27,68,8,76,4,,,,,,,,,,,,,,,,,,,,,,,,,,
2004,6152,3675.74,4120.50,71,4,75,3,,,,,,,,,,,,,,,,,,,,,,,,,,
2004,6252,3548.69,3978.08,73,5,78,2,,,,,,,,,,,,,,,,,,,,,,,,,,
2004,2252,4683.57,5250.28,67,5,72,4,,,,,,,,,,,,,,,,,,,,,,,,,,
2004,3252,4762.41,5338.67,70,6,76,2,,,,,,,,,,,,,,,,,,,,,,,,,,
2004,3352,4456.19,4995.39,70,5,75,3,,,,,,,,,,,,,,,,,,,,,,,,,,
2004,6352,2913.29,3265.80,72,4,76,2,,,,,,,,,,,,,,,,,,,,,,,,,,
2004,2352,4324.42,4847.67,70,5,75,3,,,,,,,,,,,,,,,,,,,,,,,,,,
2004,2151,4222.13,4733.00,68,6,74,3,,,,,,,,,,,,,,,,,,,,,,,,,,
2004,3151,4804.38,5385.71,72,6,78,3,,,,,,,,,,,,,,,,,,,,,,,,,,
2004,6151,4141.10,4642.18,70,4,74,3,,,,,,,,,,,,,,,,,,,,,,,,,,
2004,6251,3619.69,4057.67,75,4,79,2,,,,,,,,,,,,,,,,,,,,,,,,,,
2004,2251,4658.79,5222.50,71,5,76,3,,,,,,,,,,,,,,,,,,,,,,,,,,
2004,3251,4604.20,5161.30,72,5,77,2,,,,,,,,,,,,,,,,,,,,,,,,,,
2004,3351,4600.23,5156.85,70,5,75,3,,,,,,,,,,,,,,,,,,,,,,,,,,
2004,6351,3848.96,4314.69,73,4,77,3,,,,,,,,,,,,,,,,,,,,,,,,,,
2004,2351,4404.79,4937.77,73,4,77,3,,,,,,,,,,,,,,,,,,,,,,,,,,
2005,1154,2456.37,2753.59,59,4,63,9,,,,,,,,,,,,,,,,,,,,,,,,,,
2005,6154,3261.93,3656.62,63,4,67,8,,,,,,,,,,,,,,,,,,,,,,,,,,
2005,6254,2715.97,3044.61,62,4,66,7,,,,,,,,,,,,,,,,,,,,,,,,,,
2005,1254,2175.77,2439.04,60,4,64,8,,,,,,,,,,,,,,,,,,,,,,,,,,
2005,6354,1739.78,1950.30,56,3,59,11,,,,,,,,,,,,,,,,,,,,,,,,,,
2005,1354,1050.80,1177.94,53,3,56,11,,,,,,,,,,,,,,,,,,,,,,,,,,
2005,1153,1780.18,1995.58,54,5,59,11,,,,,,,,,,,,,,,,,,,,,,,,,,
2005,6153,2949.71,3306.62,65,3,68,6,,,,,,,,,,,,,,,,,,,,,,,,,,
2005,6253,3229.44,3620.21,64,5,69,7,,,,,,,,,,,,,,,,,,,,,,,,,,
2005,1253,1588.27,1780.45,53,3,56,12,,,,,,,,,,,,,,,,,,,,,,,,,,
2005,6353,2063.07,2312.70,58,3,61,10,,,,,,,,,,,,,,,,,,,,,,,,,,
2005,1353,1838.39,2060.84,53,3,56,11,,,,,,,,,,,,,,,,,,,,,,,,,,
2005,1152,2341.22,2624.51,59,4,63,9,,,,,,,,,,,,,,,,,,,,,,,,,,
2005,6152,3021.04,3386.58,63,4,67,8,,,,,,,,,,,,,,,,,,,,,,,,,,
2005,6252,3311.95,3712.70,67,4,71,6,,,,,,,,,,,,,,,,,,,,,,,,,,
2005,1252,1780.18,1995.58,53,4,57,13,,,,,,,,,,,,,,,,,,,,,,,,,,
2005,6352,2188.99,2453.86,58,4,62,10,,,,,,,,,,,,,,,,,,,,,,,,,,
2005,1352,1407.40,1577.70,48,3,51,16,,,,,,,,,,,,,,,,,,,,,,,,,,
2005,1151,2134.66,2392.95,59,6,65,9,,,,,,,,,,,,,,,,,,,,,,,,,,
2005,6151,3070.61,3442.15,62,4,66,9,,,,,,,,,,,,,,,,,,,,,,,,,,
2005,6251,2922.40,3276.01,66,5,71,6,,,,,,,,,,,,,,,,,,,,,,,,,,
2005,1251,1280.79,1435.77,50,4,54,14,,,,,,,,,,,,,,,,,,,,,,,,,,
2005,6351,1643.04,1841.85,52,5,57,13,,,,,,,,,,,,,,,,,,,,,,,,,,
2005,1351,1176.62,1318.99,52,3,55,14,,,,,,,,,,,,,,,,,,,,,,,,,,
2006,2153,2973.99,3333.84,65,2,67,8,,,,,,,,,,,,,,,,,,,,,,,,,,
2006,3153,3742.38,4195.21,64,3,67,8,,,,,,,,,,,,,,,,,,,,,,,,,,
2006,6153,3056.31,3426.13,61,2,63,9,,,,,,,,,,,,,,,,,,,,,,,,,,
2006,5153,3247.83,3640.82,65,2,67,8,,,,,,,,,,,,,,,,,,,,,,,,,,
2006,4153,3633.78,4073.46,65,3,68,7,,,,,,,,,,,,,,,,,,,,,,,,,,
2006,4253,3415.10,3828.33,63,3,66,8,,,,,,,,,,,,,,,,,,,,,,,,,,
2006,6253,3694.32,4141.34,69,1,70,6,,,,,,,,,,,,,,,,,,,,,,,,,,
2006,5253,4422.50,4957.62,68,3,71,5,,,,,,,,,,,,,,,,,,,,,,,,,,
2006,2253,4042.22,4531.33,67,3,70,6,,,,,,,,,,,,,,,,,,,,,,,,,,
2006,3253,3713.93,4163.31,68,2,70,6,,,,,,,,,,,,,,,,,,,,,,,,,,
2006,3353,3632.47,4072.00,67,2,69,6,,,,,,,,,,,,,,,,,,,,,,,,,,
2006,6353,3676.03,4120.83,68,1,69,6,,,,,,,,,,,,,,,,,,,,,,,,,,
2006,2353,3614.32,4051.65,68,2,70,5,,,,,,,,,,,,,,,,,,,,,,,,,,
2006,5353,3422.51,3836.63,66,3,69,6,,,,,,,,,,,,,,,,,,,,,,,,,,
2006,4353,3070.98,3442.57,65,1,66,9,,,,,,,,,,,,,,,,,,,,,,,,,,
2006,2152,4916.18,5511.04,69,2,71,5,,,,,,,,,,,,,,,,,,,,,,,,,,
2006,3152,4311.57,4833.27,68,5,73,5,,,,,,,,,,,,,,,,,,,,,,,,,,
2006,6152,4225.32,4736.58,69,1,70,6,,,,,,,,,,,,,,,,,,,,,,,,,,
2006,5152,4951.90,5551.08,67,5,72,6,,,,,,,,,,,,,,,,,,,,,,,,,,
2006,4152,4816.86,5399.71,68,2,70,5,,,,,,,,,,,,,,,,,,,,,,,,,,
2006,4252,4838.06,5423.47,70,3,73,4,,,,,,,,,,,,,,,,,,,,,,,,,,
2006,6252,4382.72,4913.03,69,3,72,4,,,,,,,,,,,,,,,,,,,,,,,,,,
2006,5252,4930.56,5527.15,69,4,73,4,,,,,,,,,,,,,,,,,,,,,,,,,,
2006,2252,5140.81,5762.84,69,2,71,5,,,,,,,,,,,,,,,,,,,,,,,,,,
2006,3252,4153.88,4656.50,67,2,69,6,,,,,,,,,,,,,,,,,,,,,,,,,,
2006,3352,4490.46,5033.80,69,2,71,4,,,,,,,,,,,,,,,,,,,,,,,,,,
2006,6352,4496.55,5040.64,64,2,66,7,,,,,,,,,,,,,,,,,,,,,,,,,,
2006,2352,4633.77,5194.45,70,1,71,5,,,,,,,,,,,,,,,,,,,,,,,,,,
2006,5352,5042.22,5652.32,72,1,73,3,,,,,,,,,,,,,,,,,,,,,,,,,,
2006,4352,4368.49,4897.07,66,2,68,7,,,,,,,,,,,,,,,,,,,,,,,,,,
2006,2151,4283.11,4801.37,69,3,72,5,,,,,,,,,,,,,,,,,,,,,,,,,,
2006,3151,4887.43,5478.81,69,2,71,5,,,,,,,,,,,,,,,,,,,,,,,,,,
2006,6151,4325.80,4849.22,69,2,71,5,,,,,,,,,,,,,,,,,,,,,,,,,,
2006,5151,5476.80,6139.49,70,2,72,4,,,,,,,,,,,,,,,,,,,,,,,,,,
2006,4151,5634.92,6316.75,73,2,75,4,,,,,,,,,,,,,,,,,,,,,,,,,,
2006,4251,5122.66,5742.50,69,3,72,4,,,,,,,,,,,,,,,,,,,,,,,,,,
2006,6251,4297.34,4817.32,72,2,74,3,,,,,,,,,,,,,,,,,,,,,,,,,,
2006,5251,5718.27,6410.18,71,1,72,4,,,,,,,,,,,,,,,,,,,,,,,,,,
2006,2251,4390.85,4922.14,72,1,73,4,,,,,,,,,,,,,,,,,,,,,,,,,,
2006,3251,4432.67,4969.02,69,1,70,5,,,,,,,,,,,,,,,,,,,,,,,,,,
2006,3351,4446.60,4984.64,67,3,70,5,,,,,,,,,,,,,,,,,,,,,,,,,,
2006,6351,5183.06,5810.21,69,3,72,5,,,,,,,,,,,,,,,,,,,,,,,,,,
2006,2351,4725.39,5297.16,72,1,73,4,,,,,,,,,,,,,,,,,,,,,,,,,,
2006,5351,5207.89,5838.04,71,2,73,4,,,,,,,,,,,,,,,,,,,,,,,,,,
2006,4351,5436.58,6094.40,69,2,71,5,,,,,,,,,,,,,,,,,,,,,,,,,,
2006,2154,2433.26,2727.69,60,3,63,10,,,,,,,,,,,,,,,,,,,,,,,,,,
2006,3154,2056.32,2305.14,53,4,57,14,,,,,,,,,,,,,,,,,,,,,,,,,,
2006,6154,2532.87,2839.35,57,3,60,12,,,,,,,,,,,,,,,,,,,,,,,,,,
2006,5154,1636.40,1834.41,55,4,59,14,,,,,,,,,,,,,,,,,,,,,,,,,,
2006,4154,2525.17,2830.72,55,5,60,13,,,,,,,,,,,,,,,,,,,,,,,,,,
2006,4254,2216.33,2484.51,55,5,60,13,,,,,,,,,,,,,,,,,,,,,,,,,,
2006,6254,2183.08,2447.23,57,2,59,13,,,,,,,,,,,,,,,,,,,,,,,,,,
2006,5254,3548.69,3978.08,61,4,65,9,,,,,,,,,,,,,,,,,,,,,,,,,,
2006,2254,3916.04,4389.89,59,5,64,10,,,,,,,,,,,,,,,,,,,,,,,,,,
2006,3254,2857.54,3203.30,57,4,61,13,,,,,,,,,,,,,,,,,,,,,,,,,,
2006,3354,3683.00,4128.64,56,3,59,14,,,,,,,,,,,,,,,,,,,,,,,,,,
2006,6354,2267.59,2541.97,63,4,67,8,,,,,,,,,,,,,,,,,,,,,,,,,,
2006,2354,3051.81,3421.08,59,3,62,11,,,,,,,,,,,,,,,,,,,,,,,,,,
2006,5354,2760.54,3094.57,61,4,65,10,,,,,,,,,,,,,,,,,,,,,,,,,,
2006,4354,3955.83,4434.48,61,4,65,10,,,,,,,,,,,,,,,,,,,,,,,,,,
2007,1153,2233.69,2503.97,65,1,66,7,,,,,,,,,,,,,,,,,,,,,,,,,,
2007,6153,2073.58,2324.48,62,0,62,10,,,,,,,,,,,,,,,,,,,,,,,,,,
2007,1253,2689.83,3015.30,66,1,67,6,,,,,,,,,,,,,,,,,,,,,,,,,,
2007,6253,3745.94,4199.20,68,2,70,5,,,,,,,,,,,,,,,,,,,,,,,,,,
2007,1353,3130.96,3509.81,64,1,65,8,,,,,,,,,,,,,,,,,,,,,,,,,,
2007,6353,3343.60,3748.18,68,1,69,6,,,,,,,,,,,,,,,,,,,,,,,,,,
2007,1152,4765.49,5342.12,68,2,70,7,,,,,,,,,,,,,,,,,,,,,,,,,,
2007,6152,4077.84,4571.26,67,1,68,7,,,,,,,,,,,,,,,,,,,,,,,,,,
2007,1252,5270.07,5907.75,69,2,71,5,,,,,,,,,,,,,,,,,,,,,,,,,,
2007,6252,3837.14,4301.43,73,2,75,4,,,,,,,,,,,,,,,,,,,,,,,,,,
2007,1352,4870.76,5460.12,70,1,71,6,,,,,,,,,,,,,,,,,,,,,,,,,,
2007,6352,4955.71,5555.35,72,1,73,4,,,,,,,,,,,,,,,,,,,,,,,,,,
2007,1151,5720.31,6412.47,71,2,73,4,,,,,,,,,,,,,,,,,,,,,,,,,,
2007,6151,4077.84,4571.26,72,1,73,5,,,,,,,,,,,,,,,,,,,,,,,,,,
2007,1251,5382.20,6033.45,70,1,71,6,,,,,,,,,,,,,,,,,,,,,,,,,,
2007,6251,3980.59,4462.24,73,2,75,4,,,,,,,,,,,,,,,,,,,,,,,,,,
2007,1351,5238.90,5872.80,71,2,73,5,,,,,,,,,,,,,,,,,,,,,,,,,,
2007,6351,4639.35,5200.71,72,2,74,4,,,,,,,,,,,,,,,,,,,,,,,,,,
2007,1154,992.12,1112.17,57,1,58,12,,,,,,,,,,,,,,,,,,,,,,,,,,
2007,6154,1016.19,1139.15,60,0,60,12,,,,,,,,,,,,,,,,,,,,,,,,,,
2007,1254,774.67,868.41,52,1,53,17,,,,,,,,,,,,,,,,,,,,,,,,,,
2007,6254,1359.50,1524.00,62,1,63,10,,,,,,,,,,,,,,,,,,,,,,,,,,
2007,1354,1249.64,1400.84,51,0,51,18,,,,,,,,,,,,,,,,,,,,,,,,,,
2007,6354,1706.48,1912.97,66,1,67,8,,,,,,,,,,,,,,,,,,,,,,,,,,
2008,2154,3628.92,4068.02,61,1,62,11,,,,,,,,,,,,,,,,,,,,,,,,,,
2008,3154,3338.69,3742.67,61,2,63,10,,,,,,,,,,,,,,,,,,,,,,,,,,
2008,6154,3500.84,3924.44,60,2,62,10,,,,,,,,,,,,,,,,,,,,,,,,,,
2008,6254,3600.46,4036.11,60,2,62,10,,,,,,,,,,,,,,,,,,,,,,,,,,
2008,2254,4710.48,5280.45,63,1,64,9,,,,,,,,,,,,,,,,,,,,,,,,,,
2008,3254,3862.37,4329.71,61,2,63,9,,,,,,,,,,,,,,,,,,,,,,,,,,
2008,3354,5094.72,5711.18,62,2,64,10,,,,,,,,,,,,,,,,,,,,,,,,,,
2008,6354,3927.77,4403.03,62,1,63,9,,,,,,,,,,,,,,,,,,,,,,,,,,
2008,2354,4027.39,4514.70,64,2,66,8,,,,,,,,,,,,,,,,,,,,,,,,,,
2008,2153,4440.09,4977.34,69,2,71,5,,,,,,,,,,,,,,,,,,,,,,,,,,
2008,3153,4881.25,5471.88,68,2,70,6,,,,,,,,,,,,,,,,,,,,,,,,,,
2008,6153,3592.26,4026.93,68,1,69,7,,,,,,,,,,,,,,,,,,,,,,,,,,
2008,6253,4606.55,5163.94,65,2,67,8,,,,,,,,,,,,,,,,,,,,,,,,,,
2008,2253,5820.50,6524.78,70,1,71,5,,,,,,,,,,,,,,,,,,,,,,,,,,
2008,3253,4972.82,5574.53,70,2,72,5,,,,,,,,,,,,,,,,,,,,,,,,,,
2008,3353,4525.47,5073.06,68,2,70,6,,,,,,,,,,,,,,,,,,,,,,,,,,
2008,6353,5137.41,5759.04,68,1,69,7,,,,,,,,,,,,,,,,,,,,,,,,,,
2008,2353,5023.56,5631.41,71,1,72,5,,,,,,,,,,,,,,,,,,,,,,,,,,
2008,2152,5777.81,6476.92,71,2,73,5,,,,,,,,,,,,,,,,,,,,,,,,,,
2008,3152,5089.40,5705.22,70,3,73,5,,,,,,,,,,,,,,,,,,,,,,,,,,
2008,6152,4183.93,4690.18,68,2,70,6,,,,,,,,,,,,,,,,,,,,,,,,,,
2008,6252,3874.01,4342.76,70,3,73,5,,,,,,,,,,,,,,,,,,,,,,,,,,
2008,2252,5127.78,5748.24,72,2,74,4,,,,,,,,,,,,,,,,,,,,,,,,,,
2008,3252,5094.72,5711.18,70,2,72,5,,,,,,,,,,,,,,,,,,,,,,,,,,
2008,3352,4606.55,5163.94,72,1,73,6,,,,,,,,,,,,,,,,,,,,,,,,,,
2008,6352,4719.25,5290.28,70,1,71,6,,,,,,,,,,,,,,,,,,,,,,,,,,
2008,2352,5775.79,6474.67,72,2,74,5,,,,,,,,,,,,,,,,,,,,,,,,,,
2008,2151,4738.94,5312.35,70,3,73,5,,,,,,,,,,,,,,,,,,,,,,,,,,
2008,3151,5151.64,5774.99,71,2,73,5,,,,,,,,,,,,,,,,,,,,,,,,,,
2008,6151,4447.99,4986.20,69,2,71,6,,,,,,,,,,,,,,,,,,,,,,,,,,
2008,6251,3002.75,3366.08,70,3,73,5,,,,,,,,,,,,,,,,,,,,,,,,,,
2008,2251,4493.85,5037.61,72,2,74,4,,,,,,,,,,,,,,,,,,,,,,,,,,
2008,3251,4719.25,5290.28,73,2,75,3,,,,,,,,,,,,,,,,,,,,,,,,,,
2008,3351,4183.93,4690.18,72,2,74,4,,,,,,,,,,,,,,,,,,,,,,,,,,
2008,6351,4099.41,4595.43,69,1,70,7,,,,,,,,,,,,,,,,,,,,,,,,,,
2008,2351,4553.94,5104.96,72,1,73,5,,,,,,,,,,,,,,,,,,,,,,,,,,
2009,6154,3515.07,3940.39,70,4,74,4,,,,,,,,,,,,,,,,,,,,,,,,,,
2009,5154,5279.72,5918.57,70,4,74,5,,,,,,,,,,,,,,,,,,,,,,,,,,
2009,4154,5237.03,5870.71,71,4,75,4,,,,,,,,,,,,,,,,,,,,,,,,,,
2009,4254,4850.92,5437.88,68,5,73,5,,,,,,,,,,,,,,,,,,,,,,,,,,
2009,6254,4340.47,4865.67,67,5,72,5,,,,,,,,,,,,,,,,,,,,,,,,,,
2009,5254,4767.40,5344.26,67,6,73,5,,,,,,,,,,,,,,,,,,,,,,,,,,
2009,6354,4099.41,4595.43,68,4,72,6,,,,,,,,,,,,,,,,,,,,,,,,,,
2009,5354,5173.06,5799.00,67,5,72,6,,,,,,,,,,,,,,,,,,,,,,,,,,
2009,4354,4507.94,5053.40,66,7,73,6,,,,,,,,,,,,,,,,,,,,,,,,,,
2009,6153,3127.38,3505.79,69,4,73,5,,,,,,,,,,,,,,,,,,,,,,,,,,
2009,5153,4817.86,5400.82,71,3,74,5,,,,,,,,,,,,,,,,,,,,,,,,,,
2009,4153,5023.56,5631.41,71,3,74,4,,,,,,,,,,,,,,,,,,,,,,,,,,
2009,4253,4829.93,5414.35,70,4,74,6,,,,,,,,,,,,,,,,,,,,,,,,,,
2009,6253,4465.68,5006.02,72,4,76,3,,,,,,,,,,,,,,,,,,,,,,,,,,
2009,5253,4479.76,5021.81,71,3,74,4,,,,,,,,,,,,,,,,,,,,,,,,,,
2009,6353,3360.40,3767.01,68,4,72,5,,,,,,,,,,,,,,,,,,,,,,,,,,
2009,5353,5029.17,5637.70,70,4,74,5,,,,,,,,,,,,,,,,,,,,,,,,,,
2009,4353,5184.13,5811.41,71,4,75,4,,,,,,,,,,,,,,,,,,,,,,,,,,
2009,6152,3803.57,4263.80,70,6,76,4,,,,,,,,,,,,,,,,,,,,,,,,,,
2009,5152,4781.63,5360.21,71,4,75,4,,,,,,,,,,,,,,,,,,,,,,,,,,
2009,4152,4465.68,5006.02,73,3,76,3,,,,,,,,,,,,,,,,,,,,,,,,,,
2009,4252,4169.70,4674.23,70,4,74,4,,,,,,,,,,,,,,,,,,,,,,,,,,
2009,6252,2986.51,3347.88,70,5,75,4,,,,,,,,,,,,,,,,,,,,,,,,,,
2009,5252,4451.59,4990.23,71,4,75,4,,,,,,,,,,,,,,,,,,,,,,,,,,
2009,6352,3728.54,4179.69,71,4,75,4,,,,,,,,,,,,,,,,,,,,,,,,,,
2009,5352,4738.94,5312.35,71,5,76,3,,,,,,,,,,,,,,,,,,,,,,,,,,
2009,4352,4440.09,4977.34,73,3,76,3,,,,,,,,,,,,,,,,,,,,,,,,,,
2009,6151,3409.13,3821.63,70,5,75,4,,,,,,,,,,,,,,,,,,,,,,,,,,
2009,5151,5137.41,5759.04,72,4,76,4,,,,,,,,,,,,,,,,,,,,,,,,,,
2009,4151,4367.06,4895.48,72,4,76,3,,,,,,,,,,,,,,,,,,,,,,,,,,
2009,4251,4041.62,4530.65,73,3,76,3,,,,,,,,,,,,,,,,,,,,,,,,,,
2009,6251,2592.06,2905.70,72,5,77,3,,,,,,,,,,,,,,,,,,,,,,,,,,
2009,5251,4803.77,5385.03,72,5,77,3,,,,,,,,,,,,,,,,,,,,,,,,,,
2009,6351,3789.48,4248.01,70,5,75,3,,,,,,,,,,,,,,,,,,,,,,,,,,
2009,5351,4411.63,4945.43,71,5,76,3,,,,,,,,,,,,,,,,,,,,,,,,,,
2009,4351,4338.89,4863.90,69,6,75,3,,,,,,,,,,,,,,,,,,,,,,,,,,
2010,1154,1710.46,1917.42,68,1,69,5,,,,,,,,,,,,,,,,,,,,,,,,,,
2010,3154,1365.61,1530.84,63,1,64,7,,,,,,,,,,,,,,,,,,,,,,,,,,
2010,1254,1547.25,1734.47,66,1,67,7,,,,,,,,,,,,,,,,,,,,,,,,,,
2010,3254,2717.42,3046.23,65,2,67,7,,,,,,,,,,,,,,,,,,,,,,,,,,
2010,1354,3136.32,3515.81,66,1,67,7,,,,,,,,,,,,,,,,,,,,,,,,,,
2010,3354,3080.56,3453.31,64,3,67,7,,,,,,,,,,,,,,,,,,,,,,,,,,
2010,1153,1619.71,1815.69,66,2,68,5,,,,,,,,,,,,,,,,,,,,,,,,,,
2010,3153,1569.61,1759.54,66,1,67,6,,,,,,,,,,,,,,,,,,,,,,,,,,
2010,1253,3211.24,3599.80,67,1,68,6,,,,,,,,,,,,,,,,,,,,,,,,,,
2010,3253,2591.53,2905.10,65,2,67,7,,,,,,,,,,,,,,,,,,,,,,,,,,
2010,1353,1951.49,2187.62,67,1,68,6,,,,,,,,,,,,,,,,,,,,,,,,,,
2010,3353,3225.33,3615.59,65,1,66,8,,,,,,,,,,,,,,,,,,,,,,,,,,
2010,1152,2411.48,2703.27,66,1,67,6,,,,,,,,,,,,,,,,,,,,,,,,,,
2010,3152,2982.99,3343.93,64,2,66,7,,,,,,,,,,,,,,,,,,,,,,,,,,
2010,1252,3763.58,4218.98,65,1,66,8,,,,,,,,,,,,,,,,,,,,,,,,,,
2010,3252,2676.33,3000.16,67,1,68,6,,,,,,,,,,,,,,,,,,,,,,,,,,
2010,1352,2774.63,3110.36,68,1,69,5,,,,,,,,,,,,,,,,,,,,,,,,,,
2010,3352,3351.94,3757.53,63,3,66,7,,,,,,,,,,,,,,,,,,,,,,,,,,
2010,1151,3521.10,3947.15,68,2,70,6,,,,,,,,,,,,,,,,,,,,,,,,,,
2010,3151,3610.25,4047.09,67,2,69,7,,,,,,,,,,,,,,,,,,,,,,,,,,
2010,1251,3422.51,3836.63,64,3,67,7,,,,,,,,,,,,,,,,,,,,,,,,,,
2010,3251,3420.91,3834.84,62,2,64,9,,,,,,,,,,,,,,,,,,,,,,,,,,
2010,1351,3484.80,3906.46,66,2,68,7,,,,,,,,,,,,,,,,,,,,,,,,,,
2010,3351,3076.06,3448.27,64,2,66,6,,,,,,,,,,,,,,,,,,,,,,,,,,
2011,514,1622.17,1818.46,65,2,67,7,,,,,,,,,,,,,,,,,,,,,,,,,,
2011,214,1062.14,1190.66,63,4,67,6,,,,,,,,,,,,,,,,,,,,,,,,,,
2011,224,2746.46,3078.78,65,3,68,6,,,,,,,,,,,,,,,,,,,,,,,,,,
2011,524,2490.18,2791.49,66,3,69,6,,,,,,,,,,,,,,,,,,,,,,,,,,
2011,534,2507.02,2810.37,65,4,69,5,,,,,,,,,,,,,,,,,,,,,,,,,,
2011,234,2112.66,2368.29,64,3,67,6,,,,,,,,,,,,,,,,,,,,,,,,,,
2011,513,3363.70,3770.71,69,3,72,4,,,,,,,,,,,,,,,,,,,,,,,,,,
2011,213,3728.16,4179.26,68,3,71,4,,,,,,,,,,,,,,,,,,,,,,,,,,
2011,223,5282.09,5921.22,68,5,73,4,,,,,,,,,,,,,,,,,,,,,,,,,,
2011,523,5979.92,6703.49,72,4,76,3,,,,,,,,,,,,,,,,,,,,,,,,,,
2011,533,3999.97,4483.97,67,6,73,3,,,,,,,,,,,,,,,,,,,,,,,,,,
2011,233,3749.64,4203.35,65,6,71,5,,,,,,,,,,,,,,,,,,,,,,,,,,
2011,512,5074.30,5688.30,69,4,73,4,,,,,,,,,,,,,,,,,,,,,,,,,,
2011,212,5778.67,6477.89,70,3,73,3,,,,,,,,,,,,,,,,,,,,,,,,,,
2011,222,5770.83,6469.10,70,4,74,4,,,,,,,,,,,,,,,,,,,,,,,,,,
2011,522,5922.42,6639.03,70,4,74,3,,,,,,,,,,,,,,,,,,,,,,,,,,
2011,532,5478.40,6141.28,69,4,73,3,,,,,,,,,,,,,,,,,,,,,,,,,,
2011,232,6204.11,6954.80,70,5,75,3,,,,,,,,,,,,,,,,,,,,,,,,,,
2011,511,6261.02,7018.61,71,4,75,3,,,,,,,,,,,,,,,,,,,,,,,,,,
2011,211,6713.03,7525.31,69,4,73,4,,,,,,,,,,,,,,,,,,,,,,,,,,
2011,221,6114.66,6854.54,68,4,72,4,,,,,,,,,,,,,,,,,,,,,,,,,,
2011,521,6496.83,7282.95,71,4,75,3,,,,,,,,,,,,,,,,,,,,,,,,,,
2011,531,6464.74,7246.97,70,4,74,3,,,,,,,,,,,,,,,,,,,,,,,,,,
2011,231,5704.18,6394.39,71,5,76,2,,,,,,,,,,,,,,,,,,,,,,,,,,
2012,314,3007.09,3370.95,m,m,66,6,,,,,,,,,,,,,,,,,,,,,,,,,,
2012,614,2197.46,2463.35,m,m,66,6,,,,,,,,,,,,,,,,,,,,,,,,,,
2012,414,2704.20,3031.41,m,m,65,6,,,,,,,,,,,,,,,,,,,,,,,,,,
2012,424,2988.22,3349.79,m,m,70,5,,,,,,,,,,,,,,,,,,,,,,,,,,
2012,624,2478.85,2778.80,m,m,71,4,,,,,,,,,,,,,,,,,,,,,,,,,,
2012,324,2959.76,3317.89,m,m,72,4,,,,,,,,,,,,,,,,,,,,,,,,,,
2012,334,3827.76,4290.92,m,m,73,3,,,,,,,,,,,,,,,,,,,,,,,,,,
2012,634,3486.25,3908.09,m,m,72,3,,,,,,,,,,,,,,,,,,,,,,,,,,
2012,434,3070.40,3441.92,m,m,74,2,,,,,,,,,,,,,,,,,,,,,,,,,,
2012,313,2829.66,3172.05,m,m,72,3,,,,,,,,,,,,,,,,,,,,,,,,,,
2012,613,2957.72,3315.61,m,m,73,3,,,,,,,,,,,,,,,,,,,,,,,,,,
2012,413,4012.75,4498.29,m,m,72,3,,,,,,,,,,,,,,,,,,,,,,,,,,
2012,423,4197.15,4705.01,m,m,72,3,,,,,,,,,,,,,,,,,,,,,,,,,,
2012,623,2800.18,3139.00,m,m,71,3,,,,,,,,,,,,,,,,,,,,,,,,,,
2012,323,3981.82,4463.62,m,m,74,3,,,,,,,,,,,,,,,,,,,,,,,,,,
2012,333,3830.96,4294.50,m,m,74,2,,,,,,,,,,,,,,,,,,,,,,,,,,
2012,633,4553.47,5104.44,m,m,74,2,,,,,,,,,,,,,,,,,,,,,,,,,,
2012,433,3090.58,3464.54,m,m,73,3,,,,,,,,,,,,,,,,,,,,,,,,,,
2012,312,2592.69,2906.41,m,m,74,2,,,,,,,,,,,,,,,,,,,,,,,,,,
2012,612,4456.19,4995.39,m,m,75,2,,,,,,,,,,,,,,,,,,,,,,,,,,
2012,412,4041.21,4530.19,m,m,74,2,,,,,,,,,,,,,,,,,,,,,,,,,,
2012,422,5376.18,6026.69,m,m,74,3,,,,,,,,,,,,,,,,,,,,,,,,,,
2012,622,2902.84,3254.08,m,m,73,3,,,,,,,,,,,,,,,,,,,,,,,,,,
2012,322,3306.20,3706.25,m,m,73,2,,,,,,,,,,,,,,,,,,,,,,,,,,
2012,332,4549.26,5099.72,m,m,74,2,,,,,,,,,,,,,,,,,,,,,,,,,,
2012,632,4507.01,5052.36,m,m,76,2,,,,,,,,,,,,,,,,,,,,,,,,,,
2012,432,4207.90,4717.05,m,m,74,2,,,,,,,,,,,,,,,,,,,,,,,,,,
2012,311,4615.00,5173.42,m,m,75,2,,,,,,,,,,,,,,,,,,,,,,,,,,
2012,611,4968.16,5569.31,m,m,74,3,,,,,,,,,,,,,,,,,,,,,,,,,,
2012,411,4929.54,5526.01,m,m,75,2,,,,,,,,,,,,,,,,,,,,,,,,,,
2012,421,4987.00,5590.43,m,m,74,2,,,,,,,,,,,,,,,,,,,,,,,,,,
2012,621,4955.00,5554.56,m,m,74,3,,,,,,,,,,,,,,,,,,,,,,,,,,
2012,321,4851.00,5437.97,m,m,75,2,,,,,,,,,,,,,,,,,,,,,,,,,,
2012,331,5011.00,5617.33,m,m,74,2,,,,,,,,,,,,,,,,,,,,,,,,,,
2012,631,4994.00,5598.27,m,m,74,2,,,,,,,,,,,,,,,,,,,,,,,,,,
2012,431,4798.00,5378.56,m,m,73,3,,,,,,,,,,,,,,,,,,,,,,,,,,
2013,114,6386.32,7159.07,75,3,78,2,,,,,,,,,,,,,,,,,,,,,,,,,,
2013,214,7200.26,8071.49,74,4,78,1,,,,,,,,,,,,,,,,,,,,,,,,,,
2013,124,5385.95,6037.65,75,2,77,2,,,,,,,,,,,,,,,,,,,,,,,,,,
2013,224,6217.15,6969.42,72,4,76,3,,,,,,,,,,,,,,,,,,,,,,,,,,
2013,134,6781.64,7602.22,70,5,75,4,,,,,,,,,,,,,,,,,,,,,,,,,,
2013,234,6964.19,7806.86,75,2,77,2,,,,,,,,,,,,,,,,,,,,,,,,,,
2013,113,6907.22,7743.00,75,2,77,2,,,,,,,,,,,,,,,,,,,,,,,,,,
2013,213,5328.99,5973.79,70,4,74,3,,,,,,,,,,,,,,,,,,,,,,,,,,
2013,123,5841.69,6548.53,75,2,77,2,,,,,,,,,,,,,,,,,,,,,,,,,,
2013,223,6451.49,7232.12,73,4,77,3,,,,,,,,,,,,,,,,,,,,,,,,,,
2013,133,6640.08,7443.53,73,4,77,3,,,,,,,,,,,,,,,,,,,,,,,,,,
2013,233,6090.27,6827.19,73,3,76,2,,,,,,,,,,,,,,,,,,,,,,,,,,
2013,112,6279.30,7039.09,73,4,77,3,,,,,,,,,,,,,,,,,,,,,,,,,,
2013,212,7866.60,8818.46,74,2,76,3,,,,,,,,,,,,,,,,,,,,,,,,,,
2013,122,7618.88,8540.76,73,3,76,3,,,,,,,,,,,,,,,,,,,,,,,,,,
2013,222,6217.15,6969.42,70,4,74,3,,,,,,,,,,,,,,,,,,,,,,,,,,
2013,132,6990.95,7836.85,72,3,75,4,,,,,,,,,,,,,,,,,,,,,,,,,,
2013,232,7316.78,8202.11,73,3,76,3,,,,,,,,,,,,,,,,,,,,,,,,,,
2013,111,5878.80,6590.14,73,2,75,3,,,,,,,,,,,,,,,,,,,,,,,,,,
2013,211,6428.62,7206.48,70,3,73,6,,,,,,,,,,,,,,,,,,,,,,,,,,
2013,121,6597.79,7396.12,74,2,76,4,,,,,,,,,,,,,,,,,,,,,,,,,,
2013,221,7519.62,8429.49,73,2,75,4,,,,,,,,,,,,,,,,,,,,,,,,,,
2013,131,6865.36,7696.07,72,3,75,3,,,,,,,,,,,,,,,,,,,,,,,,,,
2013,231,6280.59,7040.54,73,2,75,4,,,,,,,,,,,,,,,,,,,,,,,,,,
2014,5154,3571.99,4004.21,60,1,61,11,,,,,,,,,,,,,,,,,,,,,,,,,,
2014,3154,3899.31,4371.12,67,1,68,7,,,,,,,,,,,,,,,,,,,,,,,,,,
2014,5254,4553.94,5104.96,71,1,72,5,,,,,,,,,,,,,,,,,,,,,,,,,,
2014,3254,4198.16,4706.14,65,1,66,8,,,,,,,,,,,,,,,,,,,,,,,,,,
2014,3354,5009.33,5615.46,67,2,69,6,,,,,,,,,,,,,,,,,,,,,,,,,,
2014,5354,4629.26,5189.40,70,0,70,5,,,,,,,,,,,,,,,,,,,,,,,,,,
2014,5153,4653.55,5216.63,70,1,71,5,,,,,,,,,,,,,,,,,,,,,,,,,,
2014,3153,5393.57,6046.19,71,1,72,5,,,,,,,,,,,,,,,,,,,,,,,,,,
2014,5253,6062.43,6795.98,70,2,72,4,,,,,,,,,,,,,,,,,,,,,,,,,,
2014,3253,5464.72,6125.96,72,1,73,4,,,,,,,,,,,,,,,,,,,,,,,,,,
2014,3353,5905.89,6620.50,72,1,73,4,,,,,,,,,,,,,,,,,,,,,,,,,,
2014,5353,5991.27,6716.22,70,3,73,4,,,,,,,,,,,,,,,,,,,,,,,,,,
2014,5152,6517.82,7306.48,75,1,76,3,,,,,,,,,,,,,,,,,,,,,,,,,,
2014,3152,5806.27,6508.83,72,1,73,4,,,,,,,,,,,,,,,,,,,,,,,,,,
2014,5252,6660.13,7466.01,72,2,74,4,,,,,,,,,,,,,,,,,,,,,,,,,,
2014,3252,6441.92,7221.40,75,1,76,2,,,,,,,,,,,,,,,,,,,,,,,,,,
2014,3352,6246.71,7002.57,74,3,77,2,,,,,,,,,,,,,,,,,,,,,,,,,,
2014,5352,6944.75,7785.07,75,1,76,3,,,,,,,,,,,,,,,,,,,,,,,,,,
2014,5151,6759.75,7577.68,77,1,78,2,,,,,,,,,,,,,,,,,,,,,,,,,,
2014,3151,6418.20,7194.81,73,1,74,4,,,,,,,,,,,,,,,,,,,,,,,,,,
2014,5251,7240.87,8117.02,77,1,78,2,,,,,,,,,,,,,,,,,,,,,,,,,,
2014,3251,5691.27,6379.91,71,2,73,5,,,,,,,,,,,,,,,,,,,,,,,,,,
2014,3351,6311.11,7074.76,74,2,76,3,,,,,,,,,,,,,,,,,,,,,,,,,,
2014,5351,6775.99,7595.89,74,1,75,4,,,,,,,,,,,,,,,,,,,,,,,,,,
2015,213,4152.89,4655.39,61,6,67,6,,,,,,,,,,,,,,,,,,,,,,,,,,
2015,223,5164.28,5789.16,57,8,65,8,,,,,,,,,,,,,,,,,,,,,,,,,,
2015,233,4072.23,4564.97,59,5,64,8,,,,,,,,,,,,,,,,,,,,,,,,,,
2015,413,4941.53,5539.45,59,2,61,10,,,,,,,,,,,,,,,,,,,,,,,,,,
2015,423,4925.52,5521.50,63,3,66,7,,,,,,,,,,,,,,,,,,,,,,,,,,
2015,433,3809.88,4270.88,51,2,53,16,,,,,,,,,,,,,,,,,,,,,,,,,,
2015,613,5065.35,5678.26,47,2,49,17,,,,,,,,,,,,,,,,,,,,,,,,,,
2015,623,4839.64,5425.24,56,3,59,12,,,,,,,,,,,,,,,,,,,,,,,,,,
2015,633,4874.21,5463.99,59,4,63,9,,,,,,,,,,,,,,,,,,,,,,,,,,
2015,212,5149.18,5772.23,60,6,66,8,,,,,,,,,,,,,,,,,,,,,,,,,,
2015,222,5474.14,6136.51,63,7,70,6,,,,,,,,,,,,,,,,,,,,,,,,,,
2015,232,4840.23,5425.90,65,4,69,6,,,,,,,,,,,,,,,,,,,,,,,,,,
2015,412,5887.28,6599.64,60,6,66,9,,,,,,,,,,,,,,,,,,,,,,,,,,
2015,422,5474.14,6136.51,65,7,72,5,,,,,,,,,,,,,,,,,,,,,,,,,,
2015,432,4891.72,5483.62,55,3,58,12,,,,,,,,,,,,,,,,,,,,,,,,,,
2015,612,5749.92,6445.66,55,4,59,11,,,,,,,,,,,,,,,,,,,,,,,,,,
2015,622,5724.36,6417.01,68,3,71,4,,,,,,,,,,,,,,,,,,,,,,,,,,
2015,632,5724.36,6417.01,63,4,67,6,,,,,,,,,,,,,,,,,,,,,,,,,,
2015,211,4282.70,4800.91,68,6,74,4,,,,,,,,,,,,,,,,,,,,,,,,,,
2015,221,5039.93,5649.76,66,8,74,4,,,,,,,,,,,,,,,,,,,,,,,,,,
2015,231,4996.48,5601.06,65,6,71,5,,,,,,,,,,,,,,,,,,,,,,,,,,
2015,411,5124.55,5744.63,64,10,74,4,,,,,,,,,,,,,,,,,,,,,,,,,,
2015,421,5698.67,6388.21,61,8,69,8,,,,,,,,,,,,,,,,,,,,,,,,,,
2015,431,5121.02,5740.67,62,4,66,7,,,,,,,,,,,,,,,,,,,,,,,,,,
2015,611,5829.23,6534.57,64,5,69,5,,,,,,,,,,,,,,,,,,,,,,,,,,
2015,621,5818.67,6522.73,63,5,68,6,,,,,,,,,,,,,,,,,,,,,,,,,,
2015,631,5485.77,6149.55,65,5,70,5,,,,,,,,,,,,,,,,,,,,,,,,,,
2015,214,2657.10,2978.61,45,2,47,17,,,,,,,,,,,,,,,,,,,,,,,,,,
2015,224,3747.03,4200.42,61,6,67,6,,,,,,,,,,,,,,,,,,,,,,,,,,
2015,234,3060.07,3430.34,55,3,58,12,,,,,,,,,,,,,,,,,,,,,,,,,,
2015,414,3372.32,3780.38,66,3,69,4,,,,,,,,,,,,,,,,,,,,,,,,,,
2015,424,3309.87,3710.37,55,2,57,12,,,,,,,,,,,,,,,,,,,,,,,,,,
2015,434,3044.32,3412.68,67,6,73,5,,,,,,,,,,,,,,,,,,,,,,,,,,
2015,614,3076.03,3448.23,63,10,73,4,,,,,,,,,,,,,,,,,,,,,,,,,,
2015,624,3140.12,3520.07,67,7,74,4,,,,,,,,,,,,,,,,,,,,,,,,,,
2015,634,3326.42,3728.92,60,8,68,6,,,,,,,,,,,,,,,,,,,,,,,,,,
