"ï..Sample_no","Planting_Date","Harvest_Date","Analysis_Date","Rotation","Rep","Variety","Irrigation","Treatment_Code","Quality_short","Quality_long","Acceptance","Orig_Weight","Weight","AT.G2","At.G1","AT.B2","AT.B1","AT.Total"
1,"06-05-2002","07-10-2002","06-02-2003","2",2,"GA Green twin","0",2254,"R","whole kernel reject","reject",NA,292,0,0,0,0.2,0.2
2,"06-05-2002","07-10-2002","06-02-2003","3",3,"GA Green twin","0",3354,"R","whole kernel reject","reject",NA,306.1,0,0,0,0.2,0.2
3,"06-05-2002","07-10-2002","06-02-2003","6",3,"GA Green twin","50",6353,"R","whole kernel reject","reject",NA,221.2,0,0,0,0,0
4,"06-05-2002","07-10-2002","06-02-2003","6",2,"GA Green twin","50",6253,"R","whole kernel reject","reject",NA,261.1,0,0,0,0,0
5,"06-05-2002","07-10-2002","06-02-2003","3",2,"GA Green twin","50",3253,"R","whole kernel reject","reject",NA,239.8,0,0,0,0,0
6,"06-05-2002","07-10-2002","06-02-2003","3",3,"GA Green twin","50",3353,"R","whole kernel reject","reject",NA,236.7,0,0,0,0,0
7,"06-05-2002","07-10-2002","06-02-2003","2",2,"GA Green twin","50",2253,"R","whole kernel reject","reject",NA,294.1,0,0,0,0,0
8,"06-05-2002","07-10-2002","06-02-2003","2",3,"GA Green twin","50",2353,"R","whole kernel reject","reject",NA,290.2,0,0,0,0,0
9,"06-05-2002","07-10-2002","06-02-2003","6",1,"GA Green diamond","50",6163,"R","whole kernel reject","reject",NA,302.9,0,0,0,0,0
10,"06-05-2002","07-10-2002","06-02-2003","6",2,"GA Green twin","75",6252,"R","whole kernel reject","reject",NA,226.3,0,0,0,0,0
11,"06-05-2002","07-10-2002","06-02-2003","6",2,"GA Green twin","100",6251,"R","whole kernel reject","reject",NA,257.8,0,0,0,0,0
12,"06-05-2002","07-10-2002","07-02-2003","2",1,"GA Green twin","0",2154,"R","whole kernel reject","reject",499.8,200,0,0,0.1,0.9,1
13,"06-05-2002","07-10-2002","07-02-2003","2",3,"GA Green diamond","0",2364,"R","whole kernel reject","reject",373.2,199.9,0,0,0,0.2,0.2
14,"06-05-2002","07-10-2002","07-02-2003","2",2,"GA Green diamond","0",2264,"R","whole kernel reject","reject",418,200.1,0.4,2.5,2.2,18.2,23.3
15,"06-05-2002","07-10-2002","07-02-2003","2",1,"GA Green diamond","0",2164,"R","whole kernel reject","reject",777.7,199.9,0,0,154.9,1379.3,1534.2
16,"06-05-2002","07-10-2002","07-02-2003","6",2,"GA Green diamond","0",6264,"R","whole kernel reject","reject",535.1,199.9,15.9,191.1,40.9,357.5,605.4
17,"06-05-2002","07-10-2002","07-02-2003","3",1,"GA Green diamond","100",3161,"R","whole kernel reject","reject",NA,199.9,0,0,0,0,0
18,"06-05-2002","07-10-2002","07-02-2003","6",3,"GA Green twin","100",6351,"R","whole kernel reject","reject",NA,200,0,0,0,0,0
19,"06-05-2002","07-10-2002","07-02-2003","3",3,"GA Green diamond","0",3364,"R","whole kernel reject","reject",457.6,200.1,0,0,0,0.3,0.3
20,"06-05-2002","07-10-2002","07-02-2003","6",1,"GA Green diamond","0",6164,"R","whole kernel reject","reject",488.2,200,0,0,37.4,317.7,355.1
21,"06-05-2002","07-10-2002","07-02-2003","6",2,"GA Green twin","0",6254,"R","whole kernel reject","reject",479,200,0.8,4.3,1.5,8.8,15.4
22,"06-05-2002","07-10-2002","07-02-2003","6",3,"GA Green diamond","0",6364,"R","whole kernel reject","reject",383.2,200.2,0,0,0,0.2,0.2
23,"06-05-2002","07-10-2002","07-02-2003","3",1,"GA Green diamond","0",3164,"R","whole kernel reject","reject",557.6,199.9,0,0,19,148.2,167.2
24,"06-05-2002","07-10-2002","07-02-2003","3",2,"GA Green diamond","0",3264,"R","whole kernel reject","reject",406,199.8,0,0,1.4,8.6,10
25,"06-05-2002","07-10-2002","07-02-2003","2",3,"GA Green twin","0",2354,"R","whole kernel reject","reject",323.3,200,0,0,0,0,0
26,"06-05-2002","07-10-2002","07-02-2003","6",3,"GA Green twin","0",6354,"R","whole kernel reject","reject",348.9,199.9,0,0,0,0.1,0.1
27,"06-05-2002","07-10-2002","07-02-2003","3",2,"GA Green twin","0",3254,"R","whole kernel reject","reject",405.1,200,0,0,0,0,0
28,"06-05-2002","07-10-2002","07-02-2003","3",1,"GA Green twin","0",3154,"R","whole kernel reject","reject",558.5,200,0,0,0.3,6.9,7.2
29,"06-05-2002","07-10-2002","07-02-2003","6",1,"GA Green twin","0",6154,"R","whole kernel reject","reject",612.8,200.1,5.9,35.7,8.5,53.4,103.5
30,"06-05-2002","07-10-2002","11-02-2003","6",1,"GA Green twin","0",6154,"LA","loose split kernel accept","accept",75.2,75.2,0,0,1.3,7.9,9.2
31,"06-05-2002","07-10-2002","11-02-2003","3",1,"GA Green diamond","0",3164,"LA","loose split kernel accept","accept",76,76,0,0,0.1,0.4,0.5
32,"06-05-2002","07-10-2002","11-02-2003","2",1,"GA Green twin","0",2154,"LA","loose split kernel accept","accept",57.6,57.6,0,0,0,0.5,0.5
33,"06-05-2002","07-10-2002","11-02-2003","6",3,"GA Green diamond","0",6364,"LA","loose split kernel accept","accept",59.6,59.6,0,0,0,0.4,0.4
34,"06-05-2002","07-10-2002","11-02-2003","2",1,"GA Green diamond","0",2164,"LA","loose split kernel accept","accept",61.4,61.4,0.2,2.2,2.3,65,69.7
35,"06-05-2002","07-10-2002","11-02-2003","6",3,"GA Green twin","0",6354,"LA","loose split kernel accept","accept",45.1,45.1,0,0,0.1,0.5,0.6
36,"06-05-2002","07-10-2002","11-02-2003","2",3,"GA Green twin","0",2354,"LA","loose split kernel accept","accept",41.3,41.3,0,0,0.1,0.5,0.6
37,"06-05-2002","07-10-2002","11-02-2003","6",2,"GA Green diamond","0",6264,"LA","loose split kernel accept","accept",33.7,33.7,0,0,0.4,4.4,4.8
38,"06-05-2002","07-10-2002","11-02-2003","3",3,"GA Green twin","0",3354,"LA","loose split kernel accept","accept",33.2,33.2,0,0,0,0.3,0.3
39,"06-05-2002","07-10-2002","11-02-2003","3",1,"GA Green twin","0",3154,"LA","loose split kernel accept","accept",59.5,59.5,0,0,0,0.6,0.6
40,"06-05-2002","07-10-2002","11-02-2003","6",2,"GA Green twin","0",6254,"LA","loose split kernel accept","accept",44.1,44.1,82.4,294.9,31.7,171,580
41,"06-05-2002","07-10-2002","11-02-2003","3",2,"GA Green diamond","0",3264,"LA","loose split kernel accept","accept",37.4,37.4,0,0,0.2,2.9,3.1
42,"06-05-2002","07-10-2002","11-02-2003","3",3,"GA Green diamond","0",3364,"LA","loose split kernel accept","accept",50.5,50.5,0,0,0.1,0.8,0.9
43,"06-05-2002","07-10-2002","11-02-2003","3",2,"GA Green twin","0",3254,"LA","loose split kernel accept","accept",48.2,48.2,0,0,0.1,0.5,0.6
44,"06-05-2002","07-10-2002","11-02-2003","6",1,"GA Green diamond","0",6164,"LA","loose split kernel accept","accept",56.3,56.3,81.4,210.1,24.4,137.8,453.7
45,"06-05-2002","07-10-2002","11-02-2003","2",2,"GA Green diamond","0",2264,"LA","loose split kernel accept","accept",40.5,40.5,0,0,10.8,85.3,96.1
46,"06-05-2002","07-10-2002","11-02-2003","2",2,"GA Green twin","0",2254,"LA","loose split kernel accept","accept",29.7,29.7,0,0,0.6,4.2,4.8
47,"06-05-2002","07-10-2002","11-02-2003","2",3,"GA Green diamond","0",2364,"LA","loose split kernel accept","accept",51.8,51.8,0,0,0.1,0.5,0.6
48,"06-05-2002","07-10-2002","11-02-2003","3",1,"AT 201","0",3184,"R","whole kernel reject","reject",NA,200,0.7,2.2,26.6,139.9,169.4
49,"06-05-2002","07-10-2002","11-02-2003","2",3,"GA 982508","0",2374,"R","whole kernel reject","reject",NA,199.8,0,0,0.1,0.6,0.7
50,"06-05-2002","07-10-2002","11-02-2003","6",2,"GA 982508","0",6274,"R","whole kernel reject","reject",NA,199.9,0,0,60.6,480.4,541
51,"06-05-2002","07-10-2002","11-02-2003","3",3,"GA 982508","0",3374,"R","whole kernel reject","reject",NA,200.2,0,0,0.6,4.5,5.1
52,"06-05-2002","07-10-2002","11-02-2003","6",1,"GA 982508","0",6174,"R","whole kernel reject","reject",NA,199.9,0,0,3.7,33.8,37.5
53,"06-05-2002","07-10-2002","11-02-2003","3",1,"GA 982508","0",3174,"R","whole kernel reject","reject",NA,200,0,0,17.2,154.4,171.6
54,"06-05-2002","07-10-2002","11-02-2003","6",3,"AT 201","0",6384,"R","whole kernel reject","reject",NA,200,3.8,11.5,35.7,246.3,297.3
55,"06-05-2002","07-10-2002","11-02-2003","3",3,"AT 201","0",3384,"R","whole kernel reject","reject",NA,199.9,5.3,15.8,540.4,3523.5,4085
56,"06-05-2002","07-10-2002","11-02-2003","6",2,"AT 201","0",6284,"R","whole kernel reject","reject",NA,200,197.6,625.6,401.3,2120.9,3345.3
57,"06-05-2002","07-10-2002","11-02-2003","2",1,"GA 982508","0",2174,"R","whole kernel reject","reject",NA,199.9,0,0,5.5,32.2,37.7
58,"06-05-2002","07-10-2002","11-02-2003","3",2,"AT 201","0",3284,"R","whole kernel reject","reject",NA,199.9,32.7,150.7,65.9,393.7,643
59,"06-05-2002","07-10-2002","11-02-2003","3",2,"GA 982508","0",3274,"R","whole kernel reject","reject",NA,200,0,0,0,0.1,0.1
60,"06-05-2002","07-10-2002","11-02-2003","2",2,"GA 982508","0",2274,"R","whole kernel reject","reject",NA,200,0,0,0,0.5,0.5
61,"06-05-2002","07-10-2002","11-02-2003","6",3,"GA 982508","0",6374,"R","whole kernel reject","reject",NA,200,0,0,0.1,0.7,0.8
62,"06-05-2002","07-10-2002","11-02-2003","2",3,"AT 201","0",2384,"R","whole kernel reject","reject",NA,199.9,66.7,200,518.6,2964.6,3749.8
63,"06-05-2002","07-10-2002","11-02-2003","6",1,"AT 201","0",6184,"R","whole kernel reject","reject",NA,200.2,0,4.3,381.5,3514.1,3899.9
64,"06-05-2002","07-10-2002","11-02-2003","2",2,"AT 201","0",2284,"R","whole kernel reject","reject",NA,200.2,4.4,13.3,567.7,3227.4,3812.8
65,"06-05-2002","07-10-2002","11-02-2003","2",1,"AT 201","0",2184,"R","whole kernel reject","reject",NA,200.1,0,0,27.5,204.3,231.8
66,"06-05-2002","07-10-2002","12-02-2003","3",2,"GA 982508","0",3274,"LA","loose split kernel accept","accept",32.1,32.1,0,0,0.1,0.9,1
67,"06-05-2002","07-10-2002","12-02-2003","6",3,"GA 982508","0",6374,"LA","loose split kernel accept","accept",43.7,43.7,0,0,0.2,2.5,2.7
68,"06-05-2002","07-10-2002","12-02-2003","6",1,"AT 201","0",6184,"LA","loose split kernel accept","accept",71.9,71.9,1.4,4.3,180,913.9,1099.6
69,"06-05-2002","07-10-2002","12-02-2003","6",1,"GA 982508","0",6174,"LA","loose split kernel accept","accept",75.7,75.7,0,0,0,0.3,0.3
70,"06-05-2002","07-10-2002","12-02-2003","2",1,"GA 982508","0",2174,"LA","loose split kernel accept","accept",38.8,38.8,0,0,0.1,3,3.1
71,"06-05-2002","07-10-2002","12-02-2003","6",3,"AT 201","0",6384,"LA","loose split kernel accept","accept",48.2,48.2,0.9,2.8,59.5,340.3,403.5
72,"06-05-2002","07-10-2002","12-02-2003","2",3,"AT 201","0",2384,"LA","loose split kernel accept","accept",33.4,33.4,131,403,762.4,4546.3,5842.7
73,"06-05-2002","07-10-2002","12-02-2003","2",2,"AT 201","0",2284,"LA","loose split kernel accept","accept",48.2,48.2,119.3,459.4,827.6,4404.5,5810.8
74,"06-05-2002","07-10-2002","12-02-2003","3",3,"GA 982508","0",3374,"LA","loose split kernel accept","accept",50.8,50.8,0,0,0.2,1.7,1.9
75,"06-05-2002","07-10-2002","12-02-2003","3",2,"AT 201","0",3284,"LA","loose split kernel accept","accept",41.9,41.9,15,45.1,609.7,3636.4,4306.2
76,"06-05-2002","07-10-2002","12-02-2003","3",3,"AT 201","0",3384,"LA","loose split kernel accept","accept",50.5,50.5,0,0,793,6413.8,7206.8
77,"06-05-2002","07-10-2002","12-02-2003","6",2,"GA 982508","0",6274,"LA","loose split kernel accept","accept",61,61,0.3,1.6,0.3,0.6,2.8
78,"06-05-2002","07-10-2002","12-02-2003","2",2,"GA 982508","0",2274,"LA","loose split kernel accept","accept",28.2,28.2,0,0,0.2,2.4,2.6
79,"06-05-2002","07-10-2002","12-02-2003","2",3,"GA 982508","0",2374,"LA","loose split kernel accept","accept",35.4,35.4,0,0,0.2,2,2.2
80,"06-05-2002","07-10-2002","12-02-2003","2",1,"AT 201","0",2184,"LA","loose split kernel accept","accept",72.8,72.8,0,0,60.5,310.9,371.4
81,"06-05-2002","07-10-2002","12-02-2003","3",1,"GA 982508","0",3174,"LA","loose split kernel accept","accept",36.5,36.5,0,0,0,1.5,1.5
82,"06-05-2002","07-10-2002","12-02-2003","3",1,"AT 201","0",3184,"LA","loose split kernel accept","accept",64.3,64.3,18,41.6,139.3,834.2,1022.1
83,"06-05-2002","07-10-2002","12-02-2003","6",2,"AT 201","0",6284,"LA","loose split kernel accept","accept",51,51,765.5,2234.7,1006.1,5664.9,9671.1
84,"06-05-2002","07-10-2002","12-02-2003","3",1,"GA Green diamond","0",3164,"A","whole kernel accept","accept",NA,199.9,0,0,4.2,60.4,64.6
85,"06-05-2002","07-10-2002","12-02-2003","6",3,"GA Green twin","0",6354,"A","whole kernel accept","accept",NA,200.1,0,0,0,0,0
86,"06-05-2002","07-10-2002","12-02-2003","2",2,"GA Green twin","0",2254,"A","whole kernel accept","accept",NA,199.8,0,0,0,0,0
87,"06-05-2002","07-10-2002","12-02-2003","2",3,"GA Green diamond","0",2364,"A","whole kernel accept","accept",NA,200,0,0,0,0,0
88,"06-05-2002","07-10-2002","12-02-2003","6",2,"GA Green twin","0",6254,"A","whole kernel accept","accept",NA,200,0,0,15,56.2,71.2
89,"06-05-2002","07-10-2002","12-02-2003","6",1,"GA Green diamond","0",6164,"A","whole kernel accept","accept",NA,200,0,0,0,0,0
90,"06-05-2002","07-10-2002","12-02-2003","3",2,"GA Green diamond","0",3264,"A","whole kernel accept","accept",NA,200,0,0,0,0,0
91,"06-05-2002","07-10-2002","12-02-2003","2",2,"GA Green diamond","0",2264,"A","whole kernel accept","accept",NA,200,0,0,0,0,0
92,"06-05-2002","07-10-2002","12-02-2003","3",2,"GA Green twin","0",3254,"A","whole kernel accept","accept",NA,200,0,0,0,0,0
93,"06-05-2002","07-10-2002","12-02-2003","2",3,"GA Green twin","0",2354,"A","whole kernel accept","accept",NA,200,0,0,0,0,0
94,"06-05-2002","07-10-2002","12-02-2003","6",3,"GA Green diamond","0",6364,"A","whole kernel accept","accept",NA,199.8,0,0,0,0,0
95,"06-05-2002","07-10-2002","12-02-2003","2",1,"GA Green twin","0",2154,"A","whole kernel accept","accept",NA,199.9,0,0,0,0,0
96,"06-05-2002","07-10-2002","12-02-2003","3",1,"GA Green twin","0",3154,"A","whole kernel accept","accept",NA,200,0,0,0,0.4,0.4
97,"06-05-2002","07-10-2002","12-02-2003","3",3,"GA Green twin","0",3354,"A","whole kernel accept","accept",NA,200,0,0,0,0,0
98,"06-05-2002","07-10-2002","12-02-2003","3",3,"GA Green diamond","0",3364,"A","whole kernel accept","accept",NA,199.9,0,0,0,0,0
99,"06-05-2002","07-10-2002","12-02-2003","2",1,"GA Green diamond","0",2164,"A","whole kernel accept","accept",NA,199.9,0,0,0,1.4,1.4
100,"06-05-2002","07-10-2002","12-02-2003","6",2,"GA Green diamond","0",6264,"A","whole kernel accept","accept",NA,200.1,0,0,2.7,23.7,26.4
101,"06-05-2002","07-10-2002","12-02-2003","6",1,"GA Green twin","0",6154,"A","whole kernel accept","accept",NA,200.1,0,0,3.7,17,20.7
102,"06-05-2002","07-10-2002","12-02-2003","6",1,"AT 201","0",6184,"A","whole kernel accept","accept",NA,200,0,0,5.1,50.2,55.3
103,"06-05-2002","07-10-2002","12-02-2003","6",2,"GA 982508","0",6274,"A","whole kernel accept","accept",NA,199.9,0,0,0,0.5,0.5
104,"06-05-2002","07-10-2002","12-02-2003","6",1,"GA 982508","0",6174,"A","whole kernel accept","accept",NA,200.1,0,0,1.5,10.2,11.7
105,"06-05-2002","07-10-2002","12-02-2003","2",1,"GA 982508","0",2174,"A","whole kernel accept","accept",NA,200.1,0,0,0.3,3.2,3.5
106,"06-05-2002","07-10-2002","12-02-2003","3",2,"GA 982508","0",3274,"A","whole kernel accept","accept",NA,200,0,0,0,0,0
107,"06-05-2002","07-10-2002","12-02-2003","2",2,"AT 201","0",2284,"A","whole kernel accept","accept",NA,200,3.4,10.2,53.8,262.4,329.8
108,"06-05-2002","07-10-2002","12-02-2003","3",3,"AT 201","0",3384,"A","whole kernel accept","accept",NA,200.1,1.2,3.6,139.5,801.3,945.6
109,"06-05-2002","07-10-2002","12-02-2003","3",1,"GA 982508","0",3174,"A","whole kernel accept","accept",NA,200,0,0,0,0.3,0.3
110,"06-05-2002","07-10-2002","12-02-2003","3",2,"AT 201","0",3284,"A","whole kernel accept","accept",NA,200,7.3,24.9,15.9,89.4,137.5
111,"06-05-2002","07-10-2002","12-02-2003","6",2,"AT 201","0",6284,"A","whole kernel accept","accept",NA,199.8,27.8,69.7,51.3,243.7,392.5
112,"06-05-2002","07-10-2002","12-02-2003","3",1,"AT 201","0",3184,"A","whole kernel accept","accept",NA,200,0.3,1.8,1.2,6.4,9.7
113,"06-05-2002","07-10-2002","12-02-2003","2",3,"AT 201","0",2384,"A","whole kernel accept","accept",NA,199.8,18.6,40.6,121.6,678.4,859.2
114,"06-05-2002","07-10-2002","12-02-2003","6",3,"AT 201","0",6384,"A","whole kernel accept","accept",NA,199.9,0,0,4.5,25.8,30.3
115,"06-05-2002","07-10-2002","12-02-2003","3",3,"GA 982508","0",3374,"A","whole kernel accept","accept",NA,200.1,0,0,0,0,0
116,"06-05-2002","07-10-2002","12-02-2003","2",3,"GA 982508","0",2374,"A","whole kernel accept","accept",NA,200.1,0,0,0,0,0
117,"06-05-2002","07-10-2002","12-02-2003","2",1,"AT 201","0",2184,"A","whole kernel accept","accept",NA,199.8,0,0,0.4,4,4.4
118,"06-05-2002","07-10-2002","12-02-2003","2",2,"GA 982508","0",2274,"A","whole kernel accept","accept",NA,200.1,0,0,0,0,0
119,"06-05-2002","07-10-2002","12-02-2003","6",3,"GA 982508","0",6374,"A","whole kernel accept","accept",NA,200,0,0,0,0,0
120,"06-05-2002","07-10-2002","13-02-2003","2",2,"GA 982508","50",2273,"R","whole kernel reject","reject",252.7,252.7,0,0,1.6,17.4,19
121,"06-05-2002","07-10-2002","13-02-2003","6",3,"GA 982508","50",6373,"R","whole kernel reject","reject",226.9,226.9,0,0,0.3,1.8,2.1
122,"06-05-2002","07-10-2002","13-02-2003","2",3,"AT 201","50",2383,"R","whole kernel reject","reject",242.9,242.9,0,0,0.8,5.2,6
123,"06-05-2002","07-10-2002","13-02-2003","3",3,"GA 982508","50",3373,"R","whole kernel reject","reject",236.4,236.4,0,0,0.3,3.1,3.4
124,"06-05-2002","07-10-2002","13-02-2003","6",3,"AT 201","50",6383,"R","whole kernel reject","reject",253.9,253.9,0,0,0.4,3.8,4.2
125,"06-05-2002","07-10-2002","13-02-2003","6",1,"GA 982508","50",6173,"R","whole kernel reject","reject",228.9,228.9,0,0,0.1,0.4,0.5
126,"06-05-2002","07-10-2002","13-02-2003","3",1,"GA 982508","50",3173,"R","whole kernel reject","reject",283.5,283.5,0,0,0.3,2.2,2.5
127,"06-05-2002","07-10-2002","13-02-2003","3",1,"AT 201","50",3183,"R","whole kernel reject","reject",271.7,271.7,0,0,3.6,26.8,30.4
128,"06-05-2002","07-10-2002","13-02-2003","3",2,"AT 201","50",3283,"R","whole kernel reject","reject",222.7,222.7,0,0,1.1,7,8.1
129,"06-05-2002","07-10-2002","13-02-2003","3",2,"GA 982508","50",3273,"R","whole kernel reject","reject",264.1,264.1,0,0,0.3,2,2.3
130,"06-05-2002","07-10-2002","13-02-2003","6",2,"GA 982508","50",6273,"R","whole kernel reject","reject",292,292,0,0,0.1,0.6,0.7
131,"06-05-2002","07-10-2002","13-02-2003","2",1,"GA 982508","50",2173,"R","whole kernel reject","reject",NA,199.9,0,0,0.4,4.8,5.2
132,"06-05-2002","07-10-2002","13-02-2003","6",2,"GA Green diamond","50",6263,"R","whole kernel reject","reject",NA,200.1,0,0,0,0,0
133,"06-05-2002","07-10-2002","13-02-2003","2",3,"GA Green diamond","50",2363,"R","whole kernel reject","reject",NA,199.9,0,0,0,0,0
134,"06-05-2002","07-10-2002","13-02-2003","2",3,"GA 982508","50",2373,"R","whole kernel reject","reject",NA,200,0,0,0.4,2.6,3
135,"06-05-2002","07-10-2002","13-02-2003","2",1,"AT 201","50",2183,"R","whole kernel reject","reject",NA,200,1.7,7,1.2,7.2,17.1
136,"06-05-2002","07-10-2002","13-02-2003","2",1,"GA Green diamond","50",2163,"R","whole kernel reject","reject",NA,199.9,0,0,0,0,0
137,"06-05-2002","07-10-2002","13-02-2003","3",3,"AT 201","50",3383,"R","whole kernel reject","reject",NA,200,0.5,1.5,5.7,42.1,49.8
138,"06-05-2002","07-10-2002","13-02-2003","2",2,"AT 201","50",2283,"R","whole kernel reject","reject",NA,200.1,2,0,1.6,7.4,11
139,"06-05-2002","07-10-2002","13-02-2003","6",2,"AT 201","50",6283,"R","whole kernel reject","reject",NA,199.8,0,0,0.1,0.3,0.4
140,"06-05-2002","07-10-2002","13-02-2003","6",3,"GA Green diamond","50",6363,"R","whole kernel reject","reject",NA,199.9,0,0,0,0,0
141,"06-05-2002","07-10-2002","13-02-2003","3",1,"GA Green diamond","50",3163,"R","whole kernel reject","reject",NA,200,0,0,0,0.2,0.2
142,"06-05-2002","07-10-2002","13-02-2003","2",2,"GA Green diamond","50",2263,"R","whole kernel reject","reject",NA,200.1,0,0,0,0,0
143,"06-05-2002","07-10-2002","13-02-2003","6",1,"GA Green twin","50",6153,"R","whole kernel reject","reject",NA,199.9,0,0,0,0,0
144,"06-05-2002","07-10-2002","13-02-2003","3",1,"GA Green twin","50",3153,"R","whole kernel reject","reject",NA,200,0,0,0,0.1,0.1
145,"06-05-2002","07-10-2002","13-02-2003","2",1,"GA Green twin","50",2153,"R","whole kernel reject","reject",NA,200,0,0,0,0,0
146,"06-05-2002","07-10-2002","13-02-2003","3",3,"GA Green diamond","50",3363,"R","whole kernel reject","reject",NA,200,0,0,0,0,0
147,"06-05-2002","07-10-2002","13-02-2003","6",1,"AT 201","50",6183,"R","whole kernel reject","reject",NA,200,0.3,2.7,0.4,3,6.4
148,"06-05-2002","07-10-2002","13-02-2003","3",2,"GA Green diamond","50",3263,"R","whole kernel reject","reject",NA,200,0,0,0,0,0
149,"06-05-2002","07-10-2002","13-02-2003","6",1,"GA Green diamond","50",6163,"LA","loose split kernel accept","accept",35.8,35.8,0,0,0,0.2,0.2
150,"06-05-2002","07-10-2002","13-02-2003","3",1,"GA Green twin","50",3153,"LA","loose split kernel accept","accept",42.3,42.3,0,0,0,0.3,0.3
151,"06-05-2002","07-10-2002","13-02-2003","3",2,"GA Green diamond","50",3263,"LA","loose split kernel accept","accept",37.8,37.8,0,0,0.2,0.9,1.1
152,"06-05-2002","07-10-2002","13-02-2003","6",3,"GA Green diamond","50",6363,"LA","loose split kernel accept","accept",62.6,62.6,0,0,0,0.4,0.4
153,"06-05-2002","07-10-2002","13-02-2003","3",2,"GA Green twin","50",3253,"LA","loose split kernel accept","accept",31.5,31.5,0,0,0.1,1,1.1
154,"06-05-2002","07-10-2002","13-02-2003","2",3,"GA Green diamond","50",2363,"LA","loose split kernel accept","accept",49.5,49.5,0,0,0,0.4,0.4
155,"06-05-2002","07-10-2002","13-02-2003","6",1,"GA Green twin","50",6153,"LA","loose split kernel accept","accept",41.5,41.5,0,0,0,0.5,0.5
156,"06-05-2002","07-10-2002","13-02-2003","3",3,"GA Green twin","50",3353,"LA","loose split kernel accept","accept",42,42,0,0,0,0.2,0.2
157,"06-05-2002","07-10-2002","13-02-2003","6",2,"GA Green twin","50",6253,"LA","loose split kernel accept","accept",38.7,38.7,0,0,0,0.1,0.1
158,"06-05-2002","07-10-2002","13-02-2003","2",1,"GA Green twin","50",2153,"LA","loose split kernel accept","accept",35.1,35.1,0,0,0,0.3,0.3
159,"06-05-2002","07-10-2002","13-02-2003","6",3,"GA Green twin","50",6353,"LA","loose split kernel accept","accept",41.5,41.5,0,0,0,0.2,0.2
160,"06-05-2002","07-10-2002","13-02-2003","2",3,"GA Green twin","50",2353,"LA","loose split kernel accept","accept",22.9,22.9,0,0,0.5,3.7,4.2
161,"06-05-2002","07-10-2002","13-02-2003","6",2,"GA Green diamond","50",6263,"LA","loose split kernel accept","accept",41.9,41.9,0,0,0,0.4,0.4
162,"06-05-2002","07-10-2002","13-02-2003","3",3,"GA Green diamond","50",3363,"LA","loose split kernel accept","accept",60.4,60.4,0,0,0,0.3,0.3
163,"06-05-2002","07-10-2002","13-02-2003","2",2,"GA Green twin","50",2253,"LA","loose split kernel accept","accept",28.1,28.1,0,0,0.2,1.5,1.7
164,"06-05-2002","07-10-2002","13-02-2003","2",1,"GA Green diamond","50",2163,"LA","loose split kernel accept","accept",30.6,30.6,0,0,0,0.7,0.7
165,"06-05-2002","07-10-2002","13-02-2003","2",2,"GA Green diamond","50",2263,"LA","loose split kernel accept","accept",23.2,23.2,0,0,0.3,2.3,2.6
166,"06-05-2002","07-10-2002","13-02-2003","3",1,"GA Green diamond","50",3163,"LA","loose split kernel accept","accept",25,25,0,0,0.2,1.8,2
167,"06-05-2002","07-10-2002","13-02-2003","3",1,"GA 982508","50",3173,"LA","loose split kernel accept","accept",43.8,43.8,0,0,0,0.3,0.3
168,"06-05-2002","07-10-2002","13-02-2003","6",2,"GA 982508","50",6273,"LA","loose split kernel accept","accept",39,39,0,0,0,0.4,0.4
169,"06-05-2002","07-10-2002","13-02-2003","3",2,"AT 201","50",3283,"LA","loose split kernel accept","accept",40.4,40.4,0,0,0,0.4,0.4
170,"06-05-2002","07-10-2002","13-02-2003","3",2,"GA 982508","50",3273,"LA","loose split kernel accept","accept",22.8,22.8,0,0,0.2,1.7,1.9
171,"06-05-2002","07-10-2002","13-02-2003","2",3,"AT 201","50",2383,"LA","loose split kernel accept","accept",25.8,25.8,0,0,0.2,1.6,1.8
172,"06-05-2002","07-10-2002","13-02-2003","3",1,"AT 201","50",3183,"LA","loose split kernel accept","accept",35.4,35.4,0,0,0.9,6.8,7.7
173,"06-05-2002","07-10-2002","13-02-2003","6",3,"AT 201","50",6383,"LA","loose split kernel accept","accept",30.5,30.5,0,0,0,0.2,0.2
174,"06-05-2002","07-10-2002","13-02-2003","2",3,"GA 982508","50",2373,"LA","loose split kernel accept","accept",18.4,18.4,0,0,0,1.7,1.7
175,"06-05-2002","07-10-2002","13-02-2003","6",2,"AT 201","50",6283,"LA","loose split kernel accept","accept",50.9,50.9,0,0,0,0.3,0.3
176,"06-05-2002","07-10-2002","14-02-2003","6",3,"GA 982508","50",6373,"LA","loose split kernel accept","accept",44,44,0,0,0,0.1,0.1
177,"06-05-2002","07-10-2002","14-02-2003","3",3,"GA 982508","50",3373,"LA","loose split kernel accept","accept",26.1,26.1,0,0,0.3,2.1,2.4
178,"06-05-2002","07-10-2002","14-02-2003","2",1,"AT 201","50",2183,"LA","loose split kernel accept","accept",32.7,32.7,0,0,0,0.3,0.3
179,"06-05-2002","07-10-2002","14-02-2003","3",3,"AT 201","50",3383,"LA","loose split kernel accept","accept",44.6,44.6,0,0,0,0.4,0.4
180,"06-05-2002","07-10-2002","14-02-2003","6",1,"AT 201","50",6183,"LA","loose split kernel accept","accept",37.2,37.2,0,0,0,0.2,0.2
181,"06-05-2002","07-10-2002","14-02-2003","2",1,"GA 982508","50",2173,"LA","loose split kernel accept","accept",37.3,37.3,0,0,0,0.2,0.2
182,"06-05-2002","07-10-2002","14-02-2003","6",1,"GA 982508","50",6173,"LA","loose split kernel accept","accept",32,32,0,0,0,0.3,0.3
183,"06-05-2002","07-10-2002","14-02-2003","2",2,"GA 982508","50",2273,"LA","loose split kernel accept","accept",13,13,0,0,0.1,1.3,1.4
184,"06-05-2002","07-10-2002","14-02-2003","2",2,"AT 201","50",2283,"LA","loose split kernel accept","accept",40.5,40.5,0.4,1.1,6.1,25.7,33.3
185,"06-05-2002","07-10-2002","14-02-2003","3",1,"GA Green twin","50",3153,"A","whole kernel accept","accept",NA,200.1,0,0,0,0,0
186,"06-05-2002","07-10-2002","14-02-2003","6",1,"GA 982508","50",6173,"A","whole kernel accept","accept",NA,200,0,0,0,0,0
187,"06-05-2002","07-10-2002","14-02-2003","2",1,"GA Green diamond","50",2163,"A","whole kernel accept","accept",NA,200,0,0,0,0,0
188,"06-05-2002","07-10-2002","14-02-2003","3",2,"GA Green diamond","50",3263,"A","whole kernel accept","accept",NA,200,0,0,0,0,0
189,"06-05-2002","07-10-2002","14-02-2003","6",1,"GA Green twin","50",6153,"A","whole kernel accept","accept",NA,199.9,0,0,0,0,0
190,"06-05-2002","07-10-2002","14-02-2003","6",3,"GA Green diamond","50",6363,"A","whole kernel accept","accept",NA,199.9,0,0,0,0,0
191,"06-05-2002","07-10-2002","14-02-2003","3",3,"GA Green twin","50",3353,"A","whole kernel accept","accept",NA,199.9,0,0,0,0,0
192,"06-05-2002","07-10-2002","14-02-2003","2",1,"GA Green twin","50",2153,"A","whole kernel accept","accept",NA,200.1,0,0,0,0,0
193,"06-05-2002","07-10-2002","14-02-2003","6",3,"GA Green twin","50",6353,"A","whole kernel accept","accept",NA,200.2,0,0,0,0,0
194,"06-05-2002","07-10-2002","14-02-2003","3",1,"GA 982508","50",3173,"A","whole kernel accept","accept",NA,200.2,0,0,0,0.1,0.1
195,"06-05-2002","07-10-2002","14-02-2003","2",3,"GA Green diamond","50",2363,"A","whole kernel accept","accept",NA,200.2,0,0,0,0.1,0.1
196,"06-05-2002","07-10-2002","14-02-2003","6",2,"GA Green diamond","50",6263,"A","whole kernel accept","accept",NA,199.9,0,0,0,0.1,0.1
197,"06-05-2002","07-10-2002","14-02-2003","6",1,"GA Green diamond","50",6163,"A","whole kernel accept","accept",NA,199.8,0,0,0,0,0
198,"06-05-2002","07-10-2002","14-02-2003","2",2,"GA 982508","50",2273,"A","whole kernel accept","accept",NA,199.8,0,0,0.1,0.4,0.5
199,"06-05-2002","07-10-2002","14-02-2003","3",3,"GA Green diamond","50",3363,"A","whole kernel accept","accept",NA,200,0,0,0,0,0
200,"06-05-2002","07-10-2002","14-02-2003","2",3,"AT 201","50",2383,"A","whole kernel accept","accept",NA,200.2,0,0,0,0.3,0.3
201,"06-05-2002","07-10-2002","14-02-2003","2",2,"GA Green diamond","50",2263,"A","whole kernel accept","accept",NA,199.8,0,0,0,0,0
202,"06-05-2002","07-10-2002","14-02-2003","6",2,"AT 201","50",6283,"A","whole kernel accept","accept",NA,200.2,0,0,0,0.2,0.2
203,"06-05-2002","07-10-2002","18-02-2003","3",3,"AT 201","50",3383,"A","whole kernel accept","accept",NA,199.9,0,0,2,13.4,15.4
204,"06-05-2002","07-10-2002","18-02-2003","6",1,"AT 201","50",6183,"A","whole kernel accept","accept",NA,200.1,0,0,0.2,1.3,1.5
205,"06-05-2002","07-10-2002","18-02-2003","6",3,"GA 982508","50",6373,"A","whole kernel accept","accept",NA,199.9,0,0,0,0.2,0.2
206,"06-05-2002","07-10-2002","18-02-2003","3",2,"GA 982508","50",3273,"A","whole kernel accept","accept",NA,199.9,0,0,0,0.3,0.3
207,"06-05-2002","07-10-2002","18-02-2003","3",3,"GA 982508","50",3373,"A","whole kernel accept","accept",NA,199.9,0,0,0,0.1,0.1
208,"06-05-2002","07-10-2002","18-02-2003","6",2,"GA 982508","50",6273,"A","whole kernel accept","accept",NA,200,0,0,0,0,0
209,"06-05-2002","07-10-2002","18-02-2003","2",2,"AT 201","50",2283,"A","whole kernel accept","accept",NA,200.1,0,0,0,0.2,0.2
210,"06-05-2002","07-10-2002","18-02-2003","3",1,"GA Green diamond","50",3163,"A","whole kernel accept","accept",NA,200,0,0,0,0,0
211,"06-05-2002","07-10-2002","18-02-2003","2",3,"GA 982508","50",2373,"A","whole kernel accept","accept",NA,200.1,0,0,0,0.4,0.4
212,"06-05-2002","07-10-2002","18-02-2003","6",2,"GA Green twin","50",6253,"A","whole kernel accept","accept",NA,200,0,0,0,0,0
213,"06-05-2002","07-10-2002","18-02-2003","2",3,"GA Green twin","50",2353,"A","whole kernel accept","accept",NA,200,0,0,0,0,0
214,"06-05-2002","07-10-2002","18-02-2003","3",1,"AT 201","50",3183,"A","whole kernel accept","accept",NA,199.9,0,0,0.1,0.2,0.3
215,"06-05-2002","07-10-2002","18-02-2003","3",2,"GA Green twin","50",3253,"A","whole kernel accept","accept",NA,199.9,0,0,0,0,0
216,"06-05-2002","07-10-2002","18-02-2003","2",1,"AT 201","50",2183,"A","whole kernel accept","accept",NA,200,0,0,0,0.1,0.1
217,"06-05-2002","07-10-2002","18-02-2003","3",2,"AT 201","50",3283,"A","whole kernel accept","accept",NA,200,0,0,0,0.1,0.1
218,"06-05-2002","07-10-2002","18-02-2003","2",1,"GA 982508","50",2173,"A","whole kernel accept","accept",NA,200,0,0,0,0.2,0.2
219,"06-05-2002","07-10-2002","18-02-2003","2",2,"GA Green twin","50",2253,"A","whole kernel accept","accept",NA,199.9,0,0,0,0,0
220,"06-05-2002","07-10-2002","18-02-2003","6",3,"AT 201","50",6383,"A","whole kernel accept","accept",NA,200,0,0,0,0,0
221,"06-05-2002","07-10-2002","18-02-2003","3",2,"GA Green twin","75",3252,"LA","loose split kernel accept","accept",21.5,21.5,0,0,0,0.5,0.5
222,"06-05-2002","07-10-2002","18-02-2003","2",3,"GA Green twin","75",2352,"LA","loose split kernel accept","accept",30.8,30.8,0,0,0,0.5,0.5
223,"06-05-2002","07-10-2002","18-02-2003","6",1,"GA Green diamond","75",6162,"LA","loose split kernel accept","accept",29.5,29.5,0,0,0.1,1.2,1.3
224,"06-05-2002","07-10-2002","18-02-2003","2",2,"GA Green twin","75",2252,"LA","loose split kernel accept","accept",33.4,33.4,0,0,0,0,0
225,"06-05-2002","07-10-2002","18-02-2003","2",3,"GA Green diamond","75",2362,"LA","loose split kernel accept","accept",32.2,32.2,0,0,0,0.1,0.1
226,"06-05-2002","07-10-2002","18-02-2003","3",3,"GA Green twin","75",3352,"LA","loose split kernel accept","accept",27.6,27.6,0,0,0.1,0.7,0.8
227,"06-05-2002","07-10-2002","18-02-2003","2",1,"GA Green diamond","75",2162,"LA","loose split kernel accept","accept",14,14,0,0,0.6,4.7,5.3
228,"06-05-2002","07-10-2002","18-02-2003","2",2,"GA Green diamond","75",2262,"LA","loose split kernel accept","accept",18.8,18.8,0,0,0.7,4.7,5.4
229,"06-05-2002","07-10-2002","18-02-2003","6",2,"GA Green diamond","75",6262,"LA","loose split kernel accept","accept",41.2,41.2,0,0,0,0.2,0.2
230,"06-05-2002","07-10-2002","18-02-2003","2",1,"GA Green twin","75",2152,"LA","loose split kernel accept","accept",33.8,33.8,0,0,0,0.3,0.3
231,"06-05-2002","07-10-2002","18-02-2003","6",3,"GA Green diamond","75",6362,"LA","loose split kernel accept","accept",46.2,46.2,0,0,0,0.1,0.1
232,"06-05-2002","07-10-2002","18-02-2003","6",2,"GA Green twin","75",6252,"LA","loose split kernel accept","accept",36.1,36.1,0,0,0,0,0
233,"06-05-2002","07-10-2002","18-02-2003","3",3,"GA Green diamond","75",3362,"LA","loose split kernel accept","accept",29.9,29.9,0,0,0.2,1.8,2
234,"06-05-2002","07-10-2002","18-02-2003","3",2,"GA Green diamond","75",3262,"LA","loose split kernel accept","accept",27.7,27.7,0,0,0.1,0.6,0.7
235,"06-05-2002","07-10-2002","18-02-2003","3",1,"GA Green diamond","75",3162,"LA","loose split kernel accept","accept",14.8,14.8,0,0,0.2,2,2.2
236,"06-05-2002","07-10-2002","18-02-2003","6",1,"GA Green twin","75",6152,"LA","loose split kernel accept","accept",34.5,34.5,0,0,0,0.1,0.1
237,"06-05-2002","07-10-2002","18-02-2003","6",3,"GA Green twin","75",6352,"LA","loose split kernel accept","accept",37.6,37.6,0,0,0,0.3,0.3
238,"06-05-2002","07-10-2002","18-02-2003","3",1,"GA Green twin","75",3152,"LA","loose split kernel accept","accept",27.4,27.4,0,0,0.5,3.5,4
239,"06-05-2002","07-10-2002","19-02-2003","6",2,"AT 201","75",6282,"L","loose split kernel reject","reject",76.4,76.4,0,0,0,0,0
240,"06-05-2002","07-10-2002","19-02-2003","3",3,"AT 201","75",3382,"L","loose split kernel reject","reject",33.9,33.9,0,0,0,0.3,0.3
241,"06-05-2002","07-10-2002","19-02-2003","2",2,"GA 982508","75",2272,"L","loose split kernel reject","reject",47,47,0,0,0,0,0
242,"06-05-2002","07-10-2002","19-02-2003","6",1,"GA 982508","75",6172,"L","loose split kernel reject","reject",19.9,19.9,0,0,0.2,1.4,1.6
243,"06-05-2002","07-10-2002","19-02-2003","3",1,"GA 982508","75",3172,"L","loose split kernel reject","reject",43.6,43.6,0,0,0,0.2,0.2
244,"06-05-2002","07-10-2002","19-02-2003","6",3,"AT 201","75",6382,"L","loose split kernel reject","reject",34.9,34.9,0.2,0.7,15.8,99.7,116.4
245,"06-05-2002","07-10-2002","19-02-2003","3",2,"AT 201","75",3282,"L","loose split kernel reject","reject",17.9,17.9,0,0,0.1,1.3,1.4
246,"06-05-2002","07-10-2002","19-02-2003","6",2,"GA 982508","75",6272,"L","loose split kernel reject","reject",29.6,29.6,0,0,0.1,0.7,0.8
247,"06-05-2002","07-10-2002","19-02-2003","2",3,"AT 201","75",2382,"L","loose split kernel reject","reject",36.1,36.1,0,0,0,0.4,0.4
248,"06-05-2002","07-10-2002","19-02-2003","6",3,"GA 982508","75",6372,"L","loose split kernel reject","reject",99.9,99.9,0,0,0,0,0
249,"06-05-2002","07-10-2002","19-02-2003","3",2,"GA 982508","75",3272,"L","loose split kernel reject","reject",27.3,27.3,0,0,0.1,1.2,1.3
250,"06-05-2002","07-10-2002","19-02-2003","3",3,"GA 982508","75",3372,"L","loose split kernel reject","reject",24.9,24.9,0,0,0.3,2,2.3
251,"06-05-2002","07-10-2002","19-02-2003","3",1,"AT 201","75",3182,"L","loose split kernel reject","reject",36.4,36.4,0,0,0,0.1,0.1
252,"06-05-2002","07-10-2002","19-02-2003","2",2,"AT 201","75",2282,"L","loose split kernel reject","reject",22.4,22.4,0,0,0.1,0.7,0.8
253,"06-05-2002","07-10-2002","19-02-2003","2",1,"AT 201","75",2182,"L","loose split kernel reject","reject",52.2,52.2,0,0,1.2,6,7.2
254,"06-05-2002","07-10-2002","19-02-2003","2",3,"GA 982508","75",2372,"L","loose split kernel reject","reject",24.8,24.8,0,0,0.2,1.6,1.8
255,"06-05-2002","07-10-2002","19-02-2003","2",1,"GA 982508","75",2172,"L","loose split kernel reject","reject",30,30,0,0,0.1,1.1,1.2
256,"06-05-2002","07-10-2002","19-02-2003","6",1,"AT 201","75",6182,"L","loose split kernel reject","reject",43.6,43.6,0,0,0,0,0
257,"06-05-2002","07-10-2002","19-02-2003","2",2,"AT 201","75",2282,"R","whole kernel reject","reject",257.7,257.7,0,0,0,0.1,0.1
258,"06-05-2002","07-10-2002","19-02-2003","2",3,"GA 982508","75",2372,"R","whole kernel reject","reject",239.8,239.8,0,0,0,0.1,0.1
259,"06-05-2002","07-10-2002","19-02-2003","3",3,"GA 982508","75",3372,"R","whole kernel reject","reject",225.7,225.7,0,0,0,0.3,0.3
260,"06-05-2002","07-10-2002","19-02-2003","3",2,"AT 201","75",3282,"R","whole kernel reject","reject",258.5,258.5,0,0,0.5,2.6,3.1
261,"06-05-2002","07-10-2002","19-02-2003","6",3,"GA 982508","75",6372,"R","whole kernel reject","reject",250,250,0,0,0,0.1,0.1
262,"06-05-2002","07-10-2002","19-02-2003","2",3,"AT 201","75",2382,"R","whole kernel reject","reject",290.2,290.2,0,0,0,0.2,0.2
263,"06-05-2002","07-10-2002","19-02-2003","6",3,"AT 201","75",6382,"R","whole kernel reject","reject",281.9,281.9,0,0,294.9,1179.5,1474.4
264,"06-05-2002","07-10-2002","19-02-2003","2",1,"GA 982508","75",2172,"R","whole kernel reject","reject",235.9,235.9,0,0,0,0,0
265,"06-05-2002","07-10-2002","19-02-2003","3",2,"GA 982508","75",3272,"R","whole kernel reject","reject",212.2,212.2,0,0,0,0,0
266,"06-05-2002","07-10-2002","19-02-2003","2",2,"GA 982508","75",2272,"R","whole kernel reject","reject",218.3,218.3,0,0,0.7,3.5,4.2
267,"06-05-2002","07-10-2002","19-02-2003","3",1,"GA 982508","75",3172,"R","whole kernel reject","reject",217.7,217.7,0,0,0,0,0
268,"06-05-2002","07-10-2002","19-02-2003","6",1,"AT 201","75",6182,"R","whole kernel reject","reject",278.6,278.6,0,0,0,0.1,0.1
269,"06-05-2002","07-10-2002","19-02-2003","6",1,"GA 982508","75",6172,"R","whole kernel reject","reject",239,239,0,0,0.2,0.7,0.9
270,"06-05-2002","07-10-2002","19-02-2003","3",1,"AT 201","75",3182,"R","whole kernel reject","reject",269.3,269.3,0,0,0.6,3,3.6
271,"06-05-2002","07-10-2002","19-02-2003","3",3,"AT 201","75",3382,"R","whole kernel reject","reject",NA,199.9,0,0,0,0,0
272,"06-05-2002","07-10-2002","19-02-2003","6",2,"GA 982508","75",6272,"R","whole kernel reject","reject",NA,200.2,0,0,0,0,0
273,"06-05-2002","07-10-2002","19-02-2003","2",1,"AT 201","75",2182,"R","whole kernel reject","reject",NA,200,0,0,0,0,0
274,"06-05-2002","07-10-2002","19-02-2003","6",2,"AT 201","75",6282,"R","whole kernel reject","reject",NA,199.8,0,0,0,0,0
275,"06-05-2002","07-10-2002","19-02-2003","3",1,"GA Green twin","75",3152,"R","whole kernel reject","reject",NA,200.2,0,0,0,0,0
276,"06-05-2002","07-10-2002","19-02-2003","6",2,"GA Green diamond","75",6262,"R","whole kernel reject","reject",NA,199.8,0,0,0,0,0
277,"06-05-2002","07-10-2002","19-02-2003","3",1,"GA Green diamond","75",3162,"R","whole kernel reject","reject",NA,200,0,0,0,0,0
278,"06-05-2002","07-10-2002","19-02-2003","2",1,"GA Green twin","75",2152,"R","whole kernel reject","reject",NA,199.9,0,0,0,0,0
279,"06-05-2002","07-10-2002","19-02-2003","6",3,"GA Green twin","75",6352,"R","whole kernel reject","reject",NA,200,0,0,0,0,0
280,"06-05-2002","07-10-2002","19-02-2003","6",1,"GA Green diamond","75",6162,"R","whole kernel reject","reject",NA,199.9,0,0,0,0,0
281,"06-05-2002","07-10-2002","19-02-2003","3",3,"GA Green diamond","75",3362,"R","whole kernel reject","reject",NA,200,0.4,3.4,0.3,1.8,5.9
282,"06-05-2002","07-10-2002","19-02-2003","2",3,"GA Green twin","75",2352,"R","whole kernel reject","reject",NA,200,0,0,0,0,0
283,"06-05-2002","07-10-2002","19-02-2003","2",1,"GA Green diamond","75",2162,"R","whole kernel reject","reject",NA,200,0,0,0,0,0
284,"06-05-2002","07-10-2002","19-02-2003","2",3,"GA Green diamond","75",2362,"A","whole kernel accept","accept",NA,199.9,0,0,0,0,0
285,"06-05-2002","07-10-2002","19-02-2003","2",2,"GA Green twin","75",2252,"R","whole kernel reject","reject",NA,200,0,0,0,0,0
286,"06-05-2002","07-10-2002","19-02-2003","3",3,"GA Green twin","75",3352,"R","whole kernel reject","reject",NA,200,0,0,0,0,0
287,"06-05-2002","07-10-2002","19-02-2003","6",3,"GA Green diamond","75",6362,"R","whole kernel reject","reject",NA,199.9,0,0,0,0,0
288,"06-05-2002","07-10-2002","19-02-2003","3",2,"GA Green twin","75",3252,"R","whole kernel reject","reject",NA,199.9,0,0,0,0,0
289,"06-05-2002","07-10-2002","19-02-2003","3",2,"GA Green diamond","75",3262,"R","whole kernel reject","reject",NA,199.9,0,0,0,0.2,0.2
290,"06-05-2002","07-10-2002","19-02-2003","2",2,"GA Green diamond","75",2262,"R","whole kernel reject","reject",NA,200.1,0,0,0,0,0
291,"06-05-2002","07-10-2002","19-02-2003","2",3,"GA Green diamond","75",2362,"R","whole kernel reject","reject",NA,200.1,0,0,0,0,0
292,"06-05-2002","07-10-2002","19-02-2003","6",1,"GA Green twin","75",6152,"R","whole kernel reject","reject",NA,200.1,0,0,0,0,0
293,"06-05-2002","07-10-2002","19-02-2003","6",1,"GA Green diamond","75",6162,"A","whole kernel accept","accept",NA,200.1,0,0,0,0.1,0.1
294,"06-05-2002","07-10-2002","19-02-2003","3",2,"GA 982508","75",3272,"A","whole kernel accept","accept",NA,200,0,0,0,0,0
295,"06-05-2002","07-10-2002","19-02-2003","3",3,"GA 982508","75",3372,"A","whole kernel accept","accept",NA,199.9,0,0,0,0,0
296,"06-05-2002","07-10-2002","19-02-2003","2",3,"AT 201","75",2382,"A","whole kernel accept","accept",NA,199.9,0,0,0,0,0
297,"06-05-2002","07-10-2002","19-02-2003","3",3,"GA Green diamond","75",3362,"A","whole kernel accept","accept",NA,199.8,0,0,0,0,0
298,"06-05-2002","07-10-2002","19-02-2003","2",1,"GA 982508","75",2172,"A","whole kernel accept","accept",NA,199.9,0,0,0,0,0
299,"06-05-2002","07-10-2002","19-02-2003","6",3,"AT 201","75",6382,"A","whole kernel accept","accept",NA,200.2,4.3,13,13.7,51.3,82.3
300,"06-05-2002","07-10-2002","19-02-2003","3",3,"AT 201","75",3382,"A","whole kernel accept","accept",NA,199.9,0,0,0,0,0
301,"06-05-2002","07-10-2002","19-02-2003","6",3,"GA Green diamond","75",6362,"A","whole kernel accept","accept",NA,199.9,0,0,0,0,0
302,"06-05-2002","07-10-2002","20-02-2003","6",2,"GA 982508","75",6272,"A","whole kernel accept","accept",NA,200,0,0,0,0,0
303,"06-05-2002","07-10-2002","20-02-2003","2",2,"AT 201","75",2282,"A","whole kernel accept","accept",NA,199.9,0,0,0,0,0
304,"06-05-2002","07-10-2002","20-02-2003","2",1,"AT 201","75",2182,"A","whole kernel accept","accept",NA,199.9,0,0,0,0,0
305,"06-05-2002","07-10-2002","20-02-2003","2",1,"GA Green diamond","75",2162,"A","whole kernel accept","accept",NA,199.9,0,0,0,0,0
306,"06-05-2002","07-10-2002","20-02-2003","3",2,"GA Green diamond","75",3262,"A","whole kernel accept","accept",NA,200.2,0,0,0,0,0
307,"06-05-2002","07-10-2002","20-02-2003","2",2,"GA Green diamond","75",2262,"A","whole kernel accept","accept",NA,200.1,0,0,0,0,0
308,"06-05-2002","07-10-2002","20-02-2003","6",2,"AT 201","75",6282,"A","whole kernel accept","accept",NA,199.9,0,0,0,0,0
309,"06-05-2002","07-10-2002","20-02-2003","3",1,"GA Green diamond","75",3162,"A","whole kernel accept","accept",NA,200,0,0,0,0,0
310,"06-05-2002","07-10-2002","20-02-2003","6",2,"GA Green diamond","75",6262,"A","whole kernel accept","accept",NA,200.1,0,0,0,0,0
311,"06-05-2002","07-10-2002","20-02-2003","6",1,"GA 982508","75",6172,"A","whole kernel accept","accept",NA,200.2,0,0,0,0,0
312,"06-05-2002","07-10-2002","20-02-2003","3",1,"GA Green twin","75",3152,"A","whole kernel accept","accept",NA,200,0,0,0,0,0
313,"06-05-2002","07-10-2002","20-02-2003","6",3,"GA Green twin","75",6352,"A","whole kernel accept","accept",NA,199.9,0,0,0,0,0
314,"06-05-2002","07-10-2002","20-02-2003","2",3,"GA 982508","75",2372,"A","whole kernel accept","accept",NA,200,0,0,0,0,0
315,"06-05-2002","07-10-2002","20-02-2003","3",2,"AT 201","75",3282,"A","whole kernel accept","accept",NA,200,0,0,0,0,0
316,"06-05-2002","07-10-2002","20-02-2003","2",3,"GA Green twin","75",2352,"A","whole kernel accept","accept",NA,200.1,0,0,0,0,0
317,"06-05-2002","07-10-2002","20-02-2003","2",1,"GA Green twin","75",2152,"A","whole kernel accept","accept",NA,200,0,0,0,0,0
318,"06-05-2002","07-10-2002","20-02-2003","3",1,"AT 201","75",3182,"A","whole kernel accept","accept",NA,200,0,0,0,0,0
319,"06-05-2002","07-10-2002","20-02-2003","6",3,"GA 982508","75",6372,"A","whole kernel accept","accept",NA,200.1,0,0,0,0,0
320,"06-05-2002","07-10-2002","20-02-2003","6",1,"AT 201","75",6182,"A","whole kernel accept","accept",NA,199.9,0,0,0,0,0
321,"06-05-2002","07-10-2002","20-02-2003","6",1,"GA Green twin","75",6152,"A","whole kernel accept","accept",NA,200.1,0,0,0,0,0
322,"06-05-2002","07-10-2002","20-02-2003","6",2,"GA Green twin","75",6252,"A","whole kernel accept","accept",NA,200.1,0,0,0,0,0
323,"06-05-2002","07-10-2002","20-02-2003","3",2,"GA Green twin","75",3252,"A","whole kernel accept","accept",NA,200.1,0,0,0,0,0
324,"06-05-2002","07-10-2002","20-02-2003","3",1,"GA 982508","75",3172,"A","whole kernel accept","accept",NA,200,0,0,0,0,0
325,"06-05-2002","07-10-2002","20-02-2003","3",3,"GA Green twin","75",3352,"A","whole kernel accept","accept",NA,200.1,0,0,0,0,0
326,"06-05-2002","07-10-2002","20-02-2003","2",2,"GA 982508","75",2272,"A","whole kernel accept","accept",NA,200,0,0.5,0.1,0.7,1.3
327,"06-05-2002","07-10-2002","21-02-2003","6",2,"AT 201","100",6281,"L","loose split kernel reject","reject",66.2,66.2,0,0,0,1.6,1.6
328,"06-05-2002","07-10-2002","21-02-2003","3",2,"AT 201","100",3281,"L","loose split kernel reject","reject",26.6,26.6,0,0,0.1,0.6,0.7
329,"06-05-2002","07-10-2002","21-02-2003","2",2,"AT 201","100",2281,"L","loose split kernel reject","reject",22.2,22.2,0,0,0.1,1.2,1.3
330,"06-05-2002","07-10-2002","21-02-2003","2",3,"AT 201","100",2381,"L","loose split kernel reject","reject",15.1,15.1,0,0,0.1,1.5,1.6
331,"06-05-2002","07-10-2002","21-02-2003","3",1,"AT 201","100",3181,"L","loose split kernel reject","reject",24.9,24.9,0.2,1.4,0.4,3.3,5.3
332,"06-05-2002","07-10-2002","21-02-2003","2",1,"AT 201","100",2181,"L","loose split kernel reject","reject",22.9,22.9,0,0,0,0.2,0.2
333,"06-05-2002","07-10-2002","21-02-2003","6",1,"AT 201","100",6181,"L","loose split kernel reject","reject",29.3,29.3,0,0,0,0.6,0.3
334,"06-05-2002","07-10-2002","21-02-2003","6",3,"AT 201","100",6381,"L","loose split kernel reject","reject",33.2,33.2,0,0,0,0,0
335,"06-05-2002","07-10-2002","21-02-2003","3",3,"AT 201","100",3381,"L","loose split kernel reject","reject",30.4,30.4,0,0,0,0,0
336,"06-05-2002","07-10-2002","21-02-2003","2",2,"AT 201","100",2281,"R","whole kernel reject","reject",NA,200,0,0,0,0,0
337,"06-05-2002","07-10-2002","21-02-2003","6",3,"AT 201","100",6381,"R","whole kernel reject","reject",NA,200.1,0,0,0,1.2,1.2
338,"06-05-2002","07-10-2002","21-02-2003","2",1,"AT 201","100",2181,"R","whole kernel reject","reject",NA,199.9,0,0,0,0.9,0.9
339,"06-05-2002","07-10-2002","21-02-2003","6",2,"AT 201","100",6281,"R","whole kernel reject","reject",NA,200,0,0,0,0,0
340,"06-05-2002","07-10-2002","21-02-2003","3",2,"AT 201","100",3281,"R","whole kernel reject","reject",NA,200.2,0,0,0,0.7,0.7
341,"06-05-2002","07-10-2002","21-02-2003","3",3,"AT 201","100",3381,"R","whole kernel reject","reject",NA,200,0,0,0,0,0
342,"06-05-2002","07-10-2002","21-02-2003","3",1,"AT 201","100",3181,"R","whole kernel reject","reject",NA,200.1,0,0,0,1.4,1.4
343,"06-05-2002","07-10-2002","21-02-2003","6",1,"AT 201","100",6181,"R","whole kernel reject","reject",NA,199.9,0,0,0,1.2,1.2
344,"06-05-2002","07-10-2002","21-02-2003","2",3,"AT 201","100",2381,"R","whole kernel reject","reject",NA,200,0,0,0,0,0
345,"06-05-2002","07-10-2002","21-02-2003","6",2,"AT 201","100",6281,"A","whole kernel accept","accept",NA,200,0,0,0,0.4,0.4
346,"06-05-2002","07-10-2002","21-02-2003","3",2,"AT 201","100",3281,"A","whole kernel accept","accept",NA,199.9,0,0,0,0.3,0.3
347,"06-05-2002","07-10-2002","21-02-2003","3",1,"AT 201","100",3181,"A","whole kernel accept","accept",NA,199.9,0,0,0,0,0
348,"06-05-2002","07-10-2002","21-02-2003","2",1,"AT 201","100",2181,"A","whole kernel accept","accept",NA,200,0,0,0,0,0
349,"06-05-2002","07-10-2002","21-02-2003","3",3,"AT 201","100",3381,"A","whole kernel accept","accept",NA,199.9,0,0,0,0,0
350,"06-05-2002","07-10-2002","21-02-2003","2",3,"AT 201","100",2381,"A","whole kernel accept","accept",NA,200.2,0,0,0,0,0
351,"06-05-2002","07-10-2002","21-02-2003","2",2,"AT 201","100",2281,"A","whole kernel accept","accept",NA,200,0,0,0,0,0
352,"06-05-2002","07-10-2002","21-02-2003","6",1,"AT 201","100",6181,"A","whole kernel accept","accept",NA,200,0,0,0,0,0
353,"06-05-2002","07-10-2002","21-02-2003","6",3,"AT 201","100",6381,"A","whole kernel accept","accept",NA,199.9,0,0,0,0,0
354,"01-05-2003","11-10-2003","08-12-2003","4",1,"GA Green twin","0",4154,"R","whole kernel reject","reject",NA,388.6,0,0,0,0,0
355,"01-05-2003","11-10-2003","08-12-2003","4",2,"GA Green twin","0",4254,"R","whole kernel reject","reject",NA,401.2,0,0,0,0,0
356,"01-05-2003","11-10-2003","08-12-2003","4",3,"GA Green twin","0",4354,"R","whole kernel reject","reject",NA,426.5,0,0,0,0,0
357,"01-05-2003","11-10-2003","08-12-2003","5",1,"GA Green twin","0",5154,"R","whole kernel reject","reject",NA,409.9,0,0,0,0,0
358,"01-05-2003","11-10-2003","08-12-2003","5",2,"GA Green twin","0",5254,"R","whole kernel reject","reject",NA,390.1,0,0,0,0,0
359,"01-05-2003","11-10-2003","08-12-2003","5",3,"GA Green twin","0",5354,"R","whole kernel reject","reject",NA,452.7,0,0,0,0,0
360,"01-05-2003","11-10-2003","08-12-2003","6",1,"GA Green twin","0",6154,"R","whole kernel reject","reject",NA,506.6,0,0,0.3,2.5,2.8
361,"01-05-2003","11-10-2003","08-12-2003","6",2,"GA Green twin","0",6254,"R","whole kernel reject","reject",NA,482,0,0,0,0,0
362,"01-05-2003","11-10-2003","08-12-2003","6",3,"GA Green twin","0",6354,"R","whole kernel reject","reject",NA,527.6,0,0,0,0,0
363,"26-04-2001","13-10-2001","29-01-2002","7",1,"NA","50",153,"A","whole kernel accept","accept",NA,200.1,0,0,0,1,1
364,"26-04-2001","13-10-2001","29-01-2002","7",1,"NA","50",163,"A","whole kernel accept","accept",NA,199.9,0,0,0,0,0
365,"26-04-2001","13-10-2001","29-01-2002","7",2,"NA","50",253,"A","whole kernel accept","accept",NA,200.1,0,0,0,0,0
366,"26-04-2001","13-10-2001","29-01-2002","7",2,"NA","50",263,"A","whole kernel accept","accept",NA,199.9,0,0,0,0,0
367,"26-04-2001","13-10-2001","29-01-2002","7",3,"NA","50",353,"A","whole kernel accept","accept",NA,200,0,0,0,0,0
368,"26-04-2001","13-10-2001","29-01-2002","7",3,"NA","50",363,"A","whole kernel accept","accept",NA,199.9,0,0,0,0,0
369,"26-04-2001","13-10-2001","29-01-2002","7",1,"NA","0",154,"A","whole kernel accept","accept",NA,199.9,2.2,34.8,1.5,25,63.4
370,"26-04-2001","13-10-2001","29-01-2002","7",1,"NA","0",164,"A","whole kernel accept","accept",NA,200,11.4,85.7,17.8,173.9,288.8
371,"26-04-2001","13-10-2001","29-01-2002","7",2,"NA","0",254,"A","whole kernel accept","accept",NA,200,0,0,0,0,0
372,"26-04-2001","13-10-2001","29-01-2002","7",2,"NA","0",264,"A","whole kernel accept","accept",NA,199.9,0.9,6,0.5,3.1,10.5
373,"26-04-2001","13-10-2001","29-01-2002","7",3,"NA","0",354,"A","whole kernel accept","accept",NA,200,0,0,0,0,0
374,"26-04-2001","13-10-2001","29-01-2002","7",3,"NA","0",364,"A","whole kernel accept","accept",NA,199.9,0,0,0,0,0
375,"26-04-2001","13-10-2001","29-01-2002","7",1,"NA","50",153,"R","whole kernel reject","reject",NA,200.2,0,0,0,0,0
376,"26-04-2001","13-10-2001","29-01-2002","7",1,"NA","50",163,"R","whole kernel reject","reject",NA,200.1,0,0,0,0,0
377,"26-04-2001","13-10-2001","29-01-2002","7",2,"NA","50",253,"R","whole kernel reject","reject",NA,275,0,0,0,0,0
378,"26-04-2001","13-10-2001","29-01-2002","7",2,"NA","50",263,"R","whole kernel reject","reject",NA,200.2,0,0,0,0,0
379,"26-04-2001","13-10-2001","29-01-2002","7",3,"NA","50",353,"R","whole kernel reject","reject",NA,266.3,0,5.1,0,0,5.1
380,"26-04-2001","13-10-2001","29-01-2002","7",3,"NA","50",363,"R","whole kernel reject","reject",NA,199.8,0,0,0,0,0
381,"26-04-2001","13-10-2001","29-01-2002","7",1,"NA","0",154,"R","whole kernel reject","reject",NA,200,5.7,45.4,41.6,368.6,461.3
382,"26-04-2001","13-10-2001","29-01-2002","7",1,"NA","0",164,"R","whole kernel reject","reject",NA,199.9,98.9,540,86.6,710.4,1435.9
383,"26-04-2001","13-10-2001","29-01-2002","7",2,"NA","0",254,"R","whole kernel reject","reject",NA,199.8,4.1,44.3,6.1,66.1,120.6
384,"26-04-2001","13-10-2001","29-01-2002","7",2,"NA","0",264,"R","whole kernel reject","reject",NA,199.9,73.3,562.6,87.7,544.7,1268.3
385,"26-04-2001","13-10-2001","29-01-2002","7",3,"NA","0",354,"R","whole kernel reject","reject",NA,260.2,0,0,0,0,0
386,"26-04-2001","13-10-2001","29-01-2002","7",3,"NA","0",364,"R","whole kernel reject","reject",NA,264.1,0,0,72,949.3,1021.3
387,"03-05-2010","13-09-2010","20-10-2010","1",1,"GA Green twin","0",1154,"Jum","whole kernel jumbo","",NA,133.2,0,0,0,0,0
388,"03-05-2010","13-09-2010","20-10-2010","1",1,"GA Green twin","0",1154,"Med","whole kernel medium ","",NA,183.3,0,0,0,0,0
389,"03-05-2010","13-09-2010","20-10-2010","1",1,"GA Green twin","0",1154,"No 1","whole kernel number 1","",NA,37.1,0,0,0,0,0
390,"03-05-2010","13-09-2010","20-10-2010","1",1,"GA Green twin","0",1154,"Splits","split kernel","",NA,12.1,0,0,0,0,0
391,"03-05-2010","13-09-2010","20-10-2010","1",1,"GA Green twin","0",1154,"LSK  J","loose split kernel jumbo","",NA,27.6,0,0,0,0,0
392,"03-05-2010","13-09-2010","20-10-2010","1",1,"GA Green twin","0",1154,"LSK  M","loose split kernel medium","",NA,33.3,0,0,0,0,0
393,"03-05-2010","13-09-2010","20-10-2010","1",1,"GA Green twin","0",1154,"OS","other splits","reject",NA,55.3,0,0,1.2654,2.0658,3.3312
394,"03-05-2010","13-09-2010","20-10-2010","1",1,"GA 982508","0",1174,"Jum","whole kernel jumbo","",NA,138.1,0,0,0,0,0
395,"03-05-2010","13-09-2010","20-10-2010","1",1,"GA 982508","0",1174,"Med","whole kernel medium ","",NA,171.3,0,0,0,0,0
396,"03-05-2010","13-09-2010","20-10-2010","1",1,"GA 982508","0",1174,"No 1","whole kernel number 1","",NA,35.2,0,0,0,0,0
397,"03-05-2010","13-09-2010","20-10-2010","1",1,"GA 982508","0",1174,"Splits","split kernel","",NA,11.1,0,0,0,0,0
398,"03-05-2010","13-09-2010","20-10-2010","1",1,"GA 982508","0",1174,"LSK  J","loose split kernel jumbo","",NA,18.5,0,0,0,0,0
399,"03-05-2010","13-09-2010","20-10-2010","1",1,"GA 982508","0",1174,"LSK  M","loose split kernel medium","",NA,10.8,0,0,0,0,0
400,"03-05-2010","13-09-2010","20-10-2010","1",1,"GA 982508","0",1174,"OS","other splits","",NA,57.5,0,0,0.9235,1.1256,2.0491
401,"03-05-2010","13-09-2010","20-10-2010","1",2,"GA Green twin","0",1254,"Jum","whole kernel jumbo","",NA,115.3,0,0,0,0,0
402,"03-05-2010","13-09-2010","20-10-2010","1",2,"GA Green twin","0",1254,"Med","whole kernel medium ","",NA,182.5,0,0,0,0,0
403,"03-05-2010","13-09-2010","20-10-2010","1",2,"GA Green twin","0",1254,"No 1","whole kernel number 1","",NA,31.5,0,0,0,0,0
404,"03-05-2010","13-09-2010","20-10-2010","1",2,"GA Green twin","0",1254,"Splits","split kernel","",NA,13,0,0,0,0,0
405,"03-05-2010","13-09-2010","20-10-2010","1",2,"GA Green twin","0",1254,"LSK  J","loose split kernel jumbo","",NA,39.2,0,0,0,0,0
406,"03-05-2010","13-09-2010","20-10-2010","1",2,"GA Green twin","0",1254,"LSK  M","loose split kernel medium","",NA,42.6,0,0,0,0,0
407,"03-05-2010","13-09-2010","20-10-2010","1",2,"GA Green twin","0",1254,"OS","other splits","",NA,73.1,0,0,0,0,0
408,"03-05-2010","13-09-2010","20-10-2010","1",2,"GA 982508","0",1274,"Jum","whole kernel jumbo","",NA,113.1,0,0,0,0,0
409,"03-05-2010","13-09-2010","20-10-2010","1",2,"GA 982508","0",1274,"Med","whole kernel medium ","",NA,156,0,0,0,0,0
410,"03-05-2010","13-09-2010","20-10-2010","1",2,"GA 982508","0",1274,"No 1","whole kernel number 1","",NA,49.2,0,0,0,0,0
411,"03-05-2010","13-09-2010","20-10-2010","1",2,"GA 982508","0",1274,"Splits","split kernel","",NA,17.5,0,0,0,0,0
412,"03-05-2010","13-09-2010","20-10-2010","1",2,"GA 982508","0",1274,"LSK  J","loose split kernel jumbo","",NA,40.6,0,0,0,0,0
413,"03-05-2010","13-09-2010","20-10-2010","1",2,"GA 982508","0",1274,"LSK  M","loose split kernel medium","",NA,20.1,0,0,0,0,0
414,"03-05-2010","13-09-2010","20-10-2010","1",2,"GA 982508","0",1274,"OS","other splits","",NA,12.3,0,0,0,0,0
415,"03-05-2010","13-09-2010","20-10-2010","1",3,"GA Green twin","0",1354,"Jum","whole kernel jumbo","",NA,125.6,0,0,0,0,0
416,"03-05-2010","13-09-2010","20-10-2010","1",3,"GA Green twin","0",1354,"Med","whole kernel medium ","",NA,175.4,0,0,0,0,0
417,"03-05-2010","13-09-2010","20-10-2010","1",3,"GA Green twin","0",1354,"No 1","whole kernel number 1","",NA,34,0,0,0,0,0
418,"03-05-2010","13-09-2010","20-10-2010","1",3,"GA Green twin","0",1354,"Splits","split kernel","",NA,11.1,0,0,0,0,0
419,"03-05-2010","13-09-2010","20-10-2010","1",3,"GA Green twin","0",1354,"LSK  J","loose split kernel jumbo","",NA,25.6,0,0,0,0,0
420,"03-05-2010","13-09-2010","20-10-2010","1",3,"GA Green twin","0",1354,"LSK  M","loose split kernel medium","",NA,12.1,0,0,0,0,0
421,"03-05-2010","13-09-2010","20-10-2010","1",3,"GA Green twin","0",1354,"OS","other splits","",NA,75.7,0,0,3.58974,5.26598,8.85572
422,"03-05-2010","13-09-2010","20-10-2010","1",3,"GA 982508","0",1374,"Jum","whole kernel jumbo","",NA,114.9,0,0,0,0,0
423,"03-05-2010","13-09-2010","20-10-2010","1",3,"GA 982508","0",1374,"Med","whole kernel medium ","",NA,172.6,0,0,0,0,0
424,"03-05-2010","13-09-2010","20-10-2010","1",3,"GA 982508","0",1374,"No 1","whole kernel number 1","",NA,50.4,0,0,0,0,0
425,"03-05-2010","13-09-2010","20-10-2010","1",3,"GA 982508","0",1374,"Splits","split kernel","",NA,13.5,0,0,0,0,0
426,"03-05-2010","13-09-2010","20-10-2010","1",3,"GA 982508","0",1374,"LSK  J","loose split kernel jumbo","",NA,38.2,0,0,0,0,0
427,"03-05-2010","13-09-2010","20-10-2010","1",3,"GA 982508","0",1374,"LSK  M","loose split kernel medium","",NA,25.2,0,0,0,0,0
428,"03-05-2010","13-09-2010","20-10-2010","1",3,"GA 982508","0",1374,"OS","other splits","",NA,61.1,0,0,0,0,0
429,"03-05-2010","13-09-2010","20-10-2010","3",1,"GA Green twin","0",3154,"Jum","whole kernel jumbo","",NA,121.4,0,0,0,0,0
430,"03-05-2010","13-09-2010","20-10-2010","3",1,"GA Green twin","0",3154,"Med","whole kernel medium ","",NA,156.3,0,0,0,0,0
431,"03-05-2010","13-09-2010","20-10-2010","3",1,"GA Green twin","0",3154,"No 1","whole kernel number 1","",NA,40.9,0,0,0,0,0
432,"03-05-2010","13-09-2010","20-10-2010","3",1,"GA Green twin","0",3154,"Splits","split kernel","",NA,15.1,0,0,0,0,0
433,"03-05-2010","13-09-2010","20-10-2010","3",1,"GA Green twin","0",3154,"LSK  J","loose split kernel jumbo","",NA,43.9,0,0,0,0,0
434,"03-05-2010","13-09-2010","20-10-2010","3",1,"GA Green twin","0",3154,"LSK  M","loose split kernel medium","",NA,41.6,0,0,0,0,0
435,"03-05-2010","13-09-2010","20-10-2010","3",1,"GA Green twin","0",3154,"OS","other splits","",NA,85.4,0,0,2.0016,3.9658,5.9674
436,"03-05-2010","13-09-2010","21-10-2010","3",1,"GA 982508","0",3174,"Jum","whole kernel jumbo","",NA,111.6,0,0,0,0,0
437,"03-05-2010","13-09-2010","21-10-2010","3",1,"GA 982508","0",3174,"Med","whole kernel medium ","",NA,159.6,0,0,0,0,0
438,"03-05-2010","13-09-2010","21-10-2010","3",1,"GA 982508","0",3174,"No 1","whole kernel number 1","",NA,48,0,0,0,0,0
439,"03-05-2010","13-09-2010","21-10-2010","3",1,"GA 982508","0",3174,"Splits","split kernel","",NA,12.7,0,0,0,0,0
440,"03-05-2010","13-09-2010","21-10-2010","3",1,"GA 982508","0",3174,"LSK  J","loose split kernel jumbo","",NA,35.4,0,0,0,0,0
441,"03-05-2010","13-09-2010","21-10-2010","3",1,"GA 982508","0",3174,"LSK  M","loose split kernel medium","",NA,42.7,0,0,0,0,0
442,"03-05-2010","13-09-2010","21-10-2010","3",1,"GA 982508","0",3174,"OS","other splits","",NA,97.2,0,0,2.674,4.935,7.609
443,"03-05-2010","13-09-2010","21-10-2010","3",2,"GA Green twin","0",3254,"Jum","whole kernel jumbo","",NA,107.3,0,0,0,0,0
444,"03-05-2010","13-09-2010","21-10-2010","3",2,"GA Green twin","0",3254,"Med","whole kernel medium ","",NA,173.1,0,0,0,0,0
445,"03-05-2010","13-09-2010","21-10-2010","3",2,"GA Green twin","0",3254,"No 1","whole kernel number 1","",NA,47.3,0,0,0,0,0
446,"03-05-2010","13-09-2010","21-10-2010","3",2,"GA Green twin","0",3254,"Splits","split kernel","",NA,16.1,0,0,0,0,0
447,"03-05-2010","13-09-2010","21-10-2010","3",2,"GA Green twin","0",3254,"LSK  J","loose split kernel jumbo","",NA,36.5,0,0,0,0,0
448,"03-05-2010","13-09-2010","21-10-2010","3",2,"GA Green twin","0",3254,"LSK  M","loose split kernel medium","",NA,25.5,0,0,0,0,0
449,"03-05-2010","13-09-2010","21-10-2010","3",2,"GA Green twin","0",3254,"OS","other splits","",NA,91.9,0,0,0,0,0
450,"03-05-2010","13-09-2010","21-10-2010","3",2,"GA 982508","0",3274,"Jum","whole kernel jumbo","",NA,107.5,0,0,0,0,0
451,"03-05-2010","13-09-2010","21-10-2010","3",2,"GA 982508","0",3274,"Med","whole kernel medium ","",NA,171.4,0,0,0,0,0
452,"03-05-2010","13-09-2010","21-10-2010","3",2,"GA 982508","0",3274,"No 1","whole kernel number 1","",NA,47,0,0,0,0,0
453,"03-05-2010","13-09-2010","21-10-2010","3",2,"GA 982508","0",3274,"Splits","split kernel","",NA,19.5,0,0,0,0,0
454,"03-05-2010","13-09-2010","21-10-2010","3",2,"GA 982508","0",3274,"LSK  J","loose split kernel jumbo","",NA,40,0,0,0,0,0
455,"03-05-2010","13-09-2010","21-10-2010","3",2,"GA 982508","0",3274,"LSK  M","loose split kernel medium","",NA,20.5,0,0,0,0,0
456,"03-05-2010","13-09-2010","21-10-2010","3",2,"GA 982508","0",3274,"OS","other splits","",NA,84.9,0,0,1.2654,2.1545,3.4199
457,"03-05-2010","13-09-2010","21-10-2010","3",3,"GA Green twin","0",3354,"Jum","whole kernel jumbo","",NA,110.5,0,0,0,0,0
458,"03-05-2010","13-09-2010","21-10-2010","3",3,"GA Green twin","0",3354,"Med","whole kernel medium ","",NA,169.4,0,0,0,0,0
459,"03-05-2010","13-09-2010","21-10-2010","3",3,"GA Green twin","0",3354,"No 1","whole kernel number 1","",NA,43.8,0,0,0,0,0
460,"03-05-2010","13-09-2010","21-10-2010","3",3,"GA Green twin","0",3354,"Splits","split kernel","",NA,28.4,0,0,0,0,0
461,"03-05-2010","13-09-2010","21-10-2010","3",3,"GA Green twin","0",3354,"LSK  J","loose split kernel jumbo","",NA,25.1,0,0,0,0,0
462,"03-05-2010","13-09-2010","21-10-2010","3",3,"GA Green twin","0",3354,"LSK  M","loose split kernel medium","",NA,22.8,0,0,0,0,0
463,"03-05-2010","13-09-2010","21-10-2010","3",3,"GA Green twin","0",3354,"OS","other splits","",NA,99.6,0,0,0,0,0
464,"03-05-2010","13-09-2010","21-10-2010","3",3,"GA 982508","0",3374,"Jum","whole kernel jumbo","",NA,91.6,0,0,0,0,0
465,"03-05-2010","13-09-2010","21-10-2010","3",3,"GA 982508","0",3374,"Med","whole kernel medium ","",NA,166.5,0,0,0,0,0
466,"03-05-2010","13-09-2010","21-10-2010","3",3,"GA 982508","0",3374,"No 1","whole kernel number 1","",NA,54.7,0,0,0,0,0
467,"03-05-2010","13-09-2010","21-10-2010","3",3,"GA 982508","0",3374,"Splits","split kernel","",NA,21.3,0,0,0,0,0
468,"03-05-2010","13-09-2010","21-10-2010","3",3,"GA 982508","0",3374,"LSK  J","loose split kernel jumbo","",NA,17,0,0,0,0,0
469,"03-05-2010","13-09-2010","21-10-2010","3",3,"GA 982508","0",3374,"LSK  M","loose split kernel medium","",NA,13.4,0,0,0,0,0
470,"03-05-2010","13-09-2010","21-10-2010","3",3,"GA 982508","0",3374,"OS","other splits","reject",NA,116.9,0,0,0,0,0
471,"03-05-2010","13-09-2010","21-10-2010","1",1,"GA Green twin","50",1153,"OS","other splits","reject",NA,72.2,0,0,0,0,0
472,"03-05-2010","13-09-2010","21-10-2010","1",1,"GA 982508","50",1173,"OS","other splits","reject",NA,49.4,0,0,0,0,0
473,"03-05-2010","13-09-2010","21-10-2010","1",2,"GA Green twin","50",1253,"OS","other splits","reject",NA,72.7,0,0,0,0,0
474,"03-05-2010","13-09-2010","21-10-2010","1",2,"GA 982508","50",1273,"OS","other splits","reject",NA,77.3,0,0,0,0,0
475,"03-05-2010","13-09-2010","21-10-2010","1",3,"GA Green twin","50",1353,"OS","other splits","reject",NA,85.5,0,0,0,0,0
476,"03-05-2010","13-09-2010","21-10-2010","1",3,"GA 982508","50",1373,"OS","other splits","reject",NA,56,0,0,0,0,0
477,"03-05-2010","13-09-2010","21-10-2010","3",1,"GA Green twin","50",3153,"OS","other splits","reject",NA,92.9,0,0,0,0,0
478,"03-05-2010","13-09-2010","21-10-2010","3",1,"GA 982508","50",3173,"OS","other splits","reject",NA,108.7,0,0,0,0,0
479,"03-05-2010","13-09-2010","21-10-2010","3",2,"GA Green twin","50",3253,"OS","other splits","reject",NA,89,0,0,0,0,0
480,"03-05-2010","13-09-2010","21-10-2010","3",2,"GA 982508","50",3273,"OS","other splits","reject",NA,130.2,0,0,0,0,0
481,"03-05-2010","13-09-2010","21-10-2010","3",3,"GA Green twin","50",3353,"OS","other splits","reject",NA,104.8,0,0,0,0,0
482,"03-05-2010","13-09-2010","21-10-2010","3",3,"GA 982508","50",3373,"OS","other splits","reject",NA,123.2,0,0,0,0,0
483,"03-05-2010","13-09-2010","22-10-2010","1",3,"GA 982508","0",1374,"LSK","loose split kernel","",NA,8.9,0,0,0,0,0
484,"03-05-2010","13-09-2010","22-10-2010","3",1,"GA 982508","0",3174,"LSK","loose split kernel","",NA,8.5,0,0,0,0,0
485,"03-05-2010","13-09-2010","22-10-2010","3",1,"GA Green twin","0",3154,"LSK","loose split kernel","",NA,7.8,0,0,0,0,0
486,"03-05-2010","13-09-2010","22-10-2010","1",2,"GA Green twin","0",1254,"LSK","loose split kernel","",NA,5.7,0,0,0,0,0
487,"03-05-2010","13-09-2010","22-10-2010","3",1,"GA Green twin","0",3154,"LSK","loose split kernel","",NA,5.1,0,0,0,0,0
488,"03-05-2010","13-09-2010","22-10-2010","3",1,"GA 982508","0",3174,"LSK","loose split kernel","",NA,4.2,0,0,0.30007,0.48624,0.78631
489,"03-05-2010","13-09-2010","22-10-2010","1",3,"GA Green twin","0",1354,"LSK","loose split kernel","",NA,3.9,0,0,0,0,0
490,"03-05-2010","13-09-2010","22-10-2010","3",3,"GA 982508","0",3374,"LSK","loose split kernel","",NA,3.6,0,0,0,0,0
491,"03-05-2010","13-09-2010","22-10-2010","3",2,"GA Green twin","0",3254,"LSK","loose split kernel","",NA,3.7,0,0,0,0,0
492,"03-05-2010","13-09-2010","22-10-2010","3",3,"GA Green twin","0",3354,"LSK","loose split kernel","",NA,3.8,0,0,0,0,0
493,"03-05-2010","13-09-2010","22-10-2010","1",1,"GA Green twin","0",1154,"LSK","loose split kernel","",NA,3.5,0,0,0,0,0
494,"03-05-2010","13-09-2010","22-10-2010","1",3,"GA 982508","0",1374,"LSK","loose split kernel","",NA,3.5,0,0,0,0,0
495,"03-05-2010","13-09-2010","22-10-2010","1",2,"GA Green twin","0",1254,"LSK","loose split kernel","",NA,3.4,0,0,0,0,0
496,"03-05-2010","13-09-2010","22-10-2010","3",3,"GA Green twin","0",3354,"LSK","loose split kernel","",NA,3.2,0,0,0,0,0
497,"03-05-2010","13-09-2010","22-10-2010","1",2,"GA 982508","0",1274,"LSK","loose split kernel","",NA,2.8,0,0,0.2534,0.89411,1.14751
498,"03-05-2010","13-09-2010","22-10-2010","3",2,"GA Green twin","0",3254,"LSK","loose split kernel","",NA,2.8,0,0,0,0,0
499,"03-05-2010","13-09-2010","22-10-2010","3",3,"GA 982508","0",3374,"LSK","loose split kernel","",NA,2.2,0,0,0.21783,1.65108,1.86891
500,"03-05-2010","13-09-2010","22-10-2010","3",2,"GA 982508","0",3274,"LSK","loose split kernel","",NA,2.2,0,0,0,0.49693,0.49693
501,"03-05-2010","13-09-2010","25-10-2010","1",1,"GA Green twin","0",1154,"LSK","loose split kernel","",NA,1.1144,0,0,0.40541,2.22426,2.62967
502,"03-05-2010","13-09-2010","25-10-2010","1",1,"GA 982508","0",1174,"LSK","loose split kernel","",NA,0.9645,0,0.55585,1.54331,3.65437,5.75353
503,"03-05-2010","13-09-2010","25-10-2010","1",1,"GA 982508","0",1174,"LSK","loose split kernel","",NA,1.3446,0,0,0.28344,1.06052,1.34396
504,"03-05-2010","13-09-2010","25-10-2010","1",2,"GA 982508","0",1274,"LSK","loose split kernel","",NA,0.6541,0,0,0.33957,1.50504,1.84461
505,"03-05-2010","13-09-2010","25-10-2010","1",3,"GA Green twin","0",1354,"LSK","loose split kernel","",NA,1.4782,0.12277,0.74292,1.07484,3.35137,5.2919
506,"03-05-2010","13-09-2010","25-10-2010","3",2,"GA 982508","0",3274,"LSK","loose split kernel","",NA,0.3567,0,0.69214,1.04297,3.79422,5.52933
507,"05-05-2011","20-09-2011","","2",1,"NA","0",214,"J","whole kernel jumbo","",NA,NA,0,0,0,0,0
508,"05-05-2011","20-09-2011","","2",1,"NA","0",214,"M","whole kernel medium ","",NA,NA,0,0,0,0,0
509,"05-05-2011","20-09-2011","","2",1,"NA","0",214,"N","","",NA,NA,0,0,0,0,0
510,"05-05-2011","20-09-2011","","2",1,"NA","0",214,"S","","",NA,NA,0,0,0,0,0
511,"05-05-2011","20-09-2011","","2",1,"NA","0",214,"O+D","","",NA,NA,0,0,0,0.06,0.06
512,"05-05-2011","20-09-2011","","2",1,"NA","0",214,"LSK J","loose split kernel jumbo","",NA,NA,0,0,0,0.027,0.027
513,"05-05-2011","20-09-2011","","2",1,"NA","0",214,"LSK M","loose split kernel medium","",NA,NA,0,0,0,0.011,0.011
514,"05-05-2011","20-09-2011","","2",1,"NA","0",214,"LSK N","","",NA,NA,0,0,0,0,0
515,"05-05-2011","20-09-2011","","2",1,"NA","0",214,"LSK S","","",NA,NA,0,0,0.001,0.021,0.022
516,"05-05-2011","20-09-2011","","2",1,"NA","0",214,"LSK OS","","",NA,NA,0,0,4.895,7.598,12.493
517,"05-05-2011","20-09-2011","","2",2,"NA","0",224,"J","","",NA,NA,0,0,0,0,0
518,"05-05-2011","20-09-2011","","2",2,"NA","0",224,"M","","",NA,NA,0,0,0,0,0
519,"05-05-2011","20-09-2011","","2",2,"NA","0",224,"N","","",NA,NA,0,0,0,0,0
520,"05-05-2011","20-09-2011","","2",2,"NA","0",224,"S","","",NA,NA,0,0,0,0,0
521,"05-05-2011","20-09-2011","","2",2,"NA","0",224,"O+D","","",NA,NA,0,0,5.959,69.361,75.32
522,"05-05-2011","20-09-2011","","2",2,"NA","0",224,"LSK J","","",NA,NA,0,0,0,0,0
523,"05-05-2011","20-09-2011","","2",2,"NA","0",224,"LSK M","","",NA,NA,0,0,0,0,0
524,"05-05-2011","20-09-2011","","2",2,"NA","0",224,"LSK N","","",NA,NA,0,0,0.008,0.032,0.039
525,"05-05-2011","20-09-2011","","2",2,"NA","0",224,"LSK OS","","",NA,NA,0,0,2.977,65.667,68.644
526,"05-05-2011","20-09-2011","","2",3,"NA","0",234,"J","","",NA,NA,0,0,0,0,0
527,"05-05-2011","20-09-2011","","2",3,"NA","0",234,"M","","",NA,NA,0,0,0,0,0
528,"05-05-2011","20-09-2011","","2",3,"NA","0",234,"N","","",NA,NA,0,0,0,0,0
529,"05-05-2011","20-09-2011","","2",3,"NA","0",234,"S","","",NA,NA,0,0,0,0,0
530,"05-05-2011","20-09-2011","","2",3,"NA","0",234,"O+D","","",NA,NA,0,0,2.56,4.985,7.545
531,"05-05-2011","20-09-2011","","2",3,"NA","0",234,"LSK J","","",NA,NA,0,0,0,0,0
532,"05-05-2011","20-09-2011","","2",3,"NA","0",234,"LSK M","","",NA,NA,0,0,0,0,0
533,"05-05-2011","20-09-2011","","2",3,"NA","0",234,"LSK N","","",NA,NA,0,0,0.008,0.028,0.035
534,"05-05-2011","20-09-2011","","2",3,"NA","0",234,"LSK OS","","",NA,NA,0,0,0,0.015,0.015
535,"05-05-2011","20-09-2011","","5",1,"NA","0",514,"J","","",NA,NA,0,0,0,0,0
536,"05-05-2011","20-09-2011","","5",1,"NA","0",514,"M","","",NA,NA,0,0,0,0,0
537,"05-05-2011","20-09-2011","","5",1,"NA","0",514,"N","","",NA,NA,0,0,0,0,0
538,"05-05-2011","20-09-2011","","5",1,"NA","0",514,"S","","",NA,NA,0,0,0,0,0
539,"05-05-2011","20-09-2011","","5",1,"NA","0",514,"O+D","","",NA,NA,0,0,2.126,6.256,8.382
540,"05-05-2011","20-09-2011","","5",1,"NA","0",514,"LSK J","","",NA,NA,0,0,0,0,0
541,"05-05-2011","20-09-2011","","5",1,"NA","0",514,"LSK M","","",NA,NA,0,0,0,0,0
542,"05-05-2011","20-09-2011","","5",1,"NA","0",514,"LSK N","","",NA,NA,0,0,0.015,0.055,0.07
543,"05-05-2011","20-09-2011","","5",1,"NA","0",514,"LSK OS","","",NA,NA,0,0,0.894,0.985,1.879
544,"05-05-2011","20-09-2011","","5",2,"NA","0",524,"J","","",NA,NA,0,0,0,0,0
545,"05-05-2011","20-09-2011","","5",2,"NA","0",524,"M","","",NA,NA,0,0,0,0,0
546,"05-05-2011","20-09-2011","","5",2,"NA","0",524,"N","","",NA,NA,0,0,0,0,0
547,"05-05-2011","20-09-2011","","5",2,"NA","0",524,"S","","",NA,NA,0,0,0,0,0
548,"05-05-2011","20-09-2011","","5",2,"NA","0",524,"O+D","","",NA,NA,0,0,1.112,2.131,3.243
549,"05-05-2011","20-09-2011","","5",2,"NA","0",524,"LSK J","","",NA,NA,0,0,0,0.024,0.024
550,"05-05-2011","20-09-2011","","5",2,"NA","0",524,"LSK M","","",NA,NA,0,0,0.004,0.021,0.025
551,"05-05-2011","20-09-2011","","5",2,"NA","0",524,"LSK N","","",NA,NA,0,0,0,0,0
552,"05-05-2011","20-09-2011","","5",2,"NA","0",524,"LSK OS","","",NA,NA,0,0,0.012,0.108,0.12
553,"05-05-2011","20-09-2011","","5",3,"NA","0",534,"J","","",NA,NA,0,0,0,0,0
554,"05-05-2011","20-09-2011","","5",3,"NA","0",534,"M","","",NA,NA,0,0,0,0,0
555,"05-05-2011","20-09-2011","","5",3,"NA","0",534,"N","","",NA,NA,0,0,0,0,0
556,"05-05-2011","20-09-2011","","5",3,"NA","0",534,"S","","",NA,NA,0,0,0,0.013,0.013
557,"05-05-2011","20-09-2011","","5",3,"NA","0",534,"O+D","","",NA,NA,0,0,9.889,111.296,121.185
558,"05-05-2011","20-09-2011","","5",3,"NA","0",534,"LSK J","","",NA,NA,0,0,0.14,0.39,0.53
559,"05-05-2011","20-09-2011","","5",3,"NA","0",534,"LSK M","","",NA,NA,0,0,0.02,0.135,0.155
560,"05-05-2011","20-09-2011","","5",3,"NA","0",534,"LSK N","","",NA,NA,0,0,0,0,0
561,"05-05-2011","20-09-2011","","5",3,"NA","0",534,"LSK OS","","",NA,NA,0,0,2.541,3.568,6.109
