"Sample_no","Year","Planting_day","Planting_month","Harvest_day","Harvest_month","Treatment_Code","Rotation","Rep","Variety","Irrigation","Quality_short","Quality_long","Acceptance","Orig_Weight","Weight","AFG2","AFG1","AFB2","AFB1","AFTotal"
1,"2002","06","05","07","10",2254,"2",2,"GA Green twin","0","R","whole kernel reject","reject",NA,292,0,0,0,0.2,0.2
2,"2002","06","05","07","10",3354,"3",3,"GA Green twin","0","R","whole kernel reject","reject",NA,306.1,0,0,0,0.2,0.2
3,"2002","06","05","07","10",6353,"6",3,"GA Green twin","50","R","whole kernel reject","reject",NA,221.2,0,0,0,0,0
4,"2002","06","05","07","10",6253,"6",2,"GA Green twin","50","R","whole kernel reject","reject",NA,261.1,0,0,0,0,0
5,"2002","06","05","07","10",3253,"3",2,"GA Green twin","50","R","whole kernel reject","reject",NA,239.8,0,0,0,0,0
6,"2002","06","05","07","10",3353,"3",3,"GA Green twin","50","R","whole kernel reject","reject",NA,236.7,0,0,0,0,0
7,"2002","06","05","07","10",2253,"2",2,"GA Green twin","50","R","whole kernel reject","reject",NA,294.1,0,0,0,0,0
8,"2002","06","05","07","10",2353,"2",3,"GA Green twin","50","R","whole kernel reject","reject",NA,290.2,0,0,0,0,0
9,"2002","06","05","07","10",6163,"6",1,"GA Green diamond","50","R","whole kernel reject","reject",NA,302.9,0,0,0,0,0
10,"2002","06","05","07","10",6252,"6",2,"GA Green twin","75","R","whole kernel reject","reject",NA,226.3,0,0,0,0,0
11,"2002","06","05","07","10",6251,"6",2,"GA Green twin","100","R","whole kernel reject","reject",NA,257.8,0,0,0,0,0
12,"2002","06","05","07","10",2154,"2",1,"GA Green twin","0","R","whole kernel reject","reject",499.8,200,0,0,0.1,0.9,1
13,"2002","06","05","07","10",2364,"2",3,"GA Green diamond","0","R","whole kernel reject","reject",373.2,199.9,0,0,0,0.2,0.2
14,"2002","06","05","07","10",2264,"2",2,"GA Green diamond","0","R","whole kernel reject","reject",418,200.1,0.4,2.5,2.2,18.2,23.3
15,"2002","06","05","07","10",2164,"2",1,"GA Green diamond","0","R","whole kernel reject","reject",777.7,199.9,0,0,154.9,1379.3,1534.2
16,"2002","06","05","07","10",6264,"6",2,"GA Green diamond","0","R","whole kernel reject","reject",535.1,199.9,15.9,191.1,40.9,357.5,605.4
17,"2002","06","05","07","10",3161,"3",1,"GA Green diamond","100","R","whole kernel reject","reject",NA,199.9,0,0,0,0,0
18,"2002","06","05","07","10",6351,"6",3,"GA Green twin","100","R","whole kernel reject","reject",NA,200,0,0,0,0,0
19,"2002","06","05","07","10",3364,"3",3,"GA Green diamond","0","R","whole kernel reject","reject",457.6,200.1,0,0,0,0.3,0.3
20,"2002","06","05","07","10",6164,"6",1,"GA Green diamond","0","R","whole kernel reject","reject",488.2,200,0,0,37.4,317.7,355.1
21,"2002","06","05","07","10",6254,"6",2,"GA Green twin","0","R","whole kernel reject","reject",479,200,0.8,4.3,1.5,8.8,15.4
22,"2002","06","05","07","10",6364,"6",3,"GA Green diamond","0","R","whole kernel reject","reject",383.2,200.2,0,0,0,0.2,0.2
23,"2002","06","05","07","10",3164,"3",1,"GA Green diamond","0","R","whole kernel reject","reject",557.6,199.9,0,0,19,148.2,167.2
24,"2002","06","05","07","10",3264,"3",2,"GA Green diamond","0","R","whole kernel reject","reject",406,199.8,0,0,1.4,8.6,10
25,"2002","06","05","07","10",2354,"2",3,"GA Green twin","0","R","whole kernel reject","reject",323.3,200,0,0,0,0,0
26,"2002","06","05","07","10",6354,"6",3,"GA Green twin","0","R","whole kernel reject","reject",348.9,199.9,0,0,0,0.1,0.1
27,"2002","06","05","07","10",3254,"3",2,"GA Green twin","0","R","whole kernel reject","reject",405.1,200,0,0,0,0,0
28,"2002","06","05","07","10",3154,"3",1,"GA Green twin","0","R","whole kernel reject","reject",558.5,200,0,0,0.3,6.9,7.2
29,"2002","06","05","07","10",6154,"6",1,"GA Green twin","0","R","whole kernel reject","reject",612.8,200.1,5.9,35.7,8.5,53.4,103.5
30,"2002","06","05","07","10",6154,"6",1,"GA Green twin","0","LA","loose split kernel accept","accept",75.2,75.2,0,0,1.3,7.9,9.2
31,"2002","06","05","07","10",3164,"3",1,"GA Green diamond","0","LA","loose split kernel accept","accept",76,76,0,0,0.1,0.4,0.5
32,"2002","06","05","07","10",2154,"2",1,"GA Green twin","0","LA","loose split kernel accept","accept",57.6,57.6,0,0,0,0.5,0.5
33,"2002","06","05","07","10",6364,"6",3,"GA Green diamond","0","LA","loose split kernel accept","accept",59.6,59.6,0,0,0,0.4,0.4
34,"2002","06","05","07","10",2164,"2",1,"GA Green diamond","0","LA","loose split kernel accept","accept",61.4,61.4,0.2,2.2,2.3,65,69.7
35,"2002","06","05","07","10",6354,"6",3,"GA Green twin","0","LA","loose split kernel accept","accept",45.1,45.1,0,0,0.1,0.5,0.6
36,"2002","06","05","07","10",2354,"2",3,"GA Green twin","0","LA","loose split kernel accept","accept",41.3,41.3,0,0,0.1,0.5,0.6
37,"2002","06","05","07","10",6264,"6",2,"GA Green diamond","0","LA","loose split kernel accept","accept",33.7,33.7,0,0,0.4,4.4,4.8
38,"2002","06","05","07","10",3354,"3",3,"GA Green twin","0","LA","loose split kernel accept","accept",33.2,33.2,0,0,0,0.3,0.3
39,"2002","06","05","07","10",3154,"3",1,"GA Green twin","0","LA","loose split kernel accept","accept",59.5,59.5,0,0,0,0.6,0.6
40,"2002","06","05","07","10",6254,"6",2,"GA Green twin","0","LA","loose split kernel accept","accept",44.1,44.1,82.4,294.9,31.7,171,580
41,"2002","06","05","07","10",3264,"3",2,"GA Green diamond","0","LA","loose split kernel accept","accept",37.4,37.4,0,0,0.2,2.9,3.1
42,"2002","06","05","07","10",3364,"3",3,"GA Green diamond","0","LA","loose split kernel accept","accept",50.5,50.5,0,0,0.1,0.8,0.9
43,"2002","06","05","07","10",3254,"3",2,"GA Green twin","0","LA","loose split kernel accept","accept",48.2,48.2,0,0,0.1,0.5,0.6
44,"2002","06","05","07","10",6164,"6",1,"GA Green diamond","0","LA","loose split kernel accept","accept",56.3,56.3,81.4,210.1,24.4,137.8,453.7
45,"2002","06","05","07","10",2264,"2",2,"GA Green diamond","0","LA","loose split kernel accept","accept",40.5,40.5,0,0,10.8,85.3,96.1
46,"2002","06","05","07","10",2254,"2",2,"GA Green twin","0","LA","loose split kernel accept","accept",29.7,29.7,0,0,0.6,4.2,4.8
47,"2002","06","05","07","10",2364,"2",3,"GA Green diamond","0","LA","loose split kernel accept","accept",51.8,51.8,0,0,0.1,0.5,0.6
48,"2002","06","05","07","10",3184,"3",1,"AT 201","0","R","whole kernel reject","reject",NA,200,0.7,2.2,26.6,139.9,169.4
49,"2002","06","05","07","10",2374,"2",3,"GA 982508","0","R","whole kernel reject","reject",NA,199.8,0,0,0.1,0.6,0.7
50,"2002","06","05","07","10",6274,"6",2,"GA 982508","0","R","whole kernel reject","reject",NA,199.9,0,0,60.6,480.4,541
51,"2002","06","05","07","10",3374,"3",3,"GA 982508","0","R","whole kernel reject","reject",NA,200.2,0,0,0.6,4.5,5.1
52,"2002","06","05","07","10",6174,"6",1,"GA 982508","0","R","whole kernel reject","reject",NA,199.9,0,0,3.7,33.8,37.5
53,"2002","06","05","07","10",3174,"3",1,"GA 982508","0","R","whole kernel reject","reject",NA,200,0,0,17.2,154.4,171.6
54,"2002","06","05","07","10",6384,"6",3,"AT 201","0","R","whole kernel reject","reject",NA,200,3.8,11.5,35.7,246.3,297.3
55,"2002","06","05","07","10",3384,"3",3,"AT 201","0","R","whole kernel reject","reject",NA,199.9,5.3,15.8,540.4,3523.5,4085
56,"2002","06","05","07","10",6284,"6",2,"AT 201","0","R","whole kernel reject","reject",NA,200,197.6,625.6,401.3,2120.9,3345.3
57,"2002","06","05","07","10",2174,"2",1,"GA 982508","0","R","whole kernel reject","reject",NA,199.9,0,0,5.5,32.2,37.7
58,"2002","06","05","07","10",3284,"3",2,"AT 201","0","R","whole kernel reject","reject",NA,199.9,32.7,150.7,65.9,393.7,643
59,"2002","06","05","07","10",3274,"3",2,"GA 982508","0","R","whole kernel reject","reject",NA,200,0,0,0,0.1,0.1
60,"2002","06","05","07","10",2274,"2",2,"GA 982508","0","R","whole kernel reject","reject",NA,200,0,0,0,0.5,0.5
61,"2002","06","05","07","10",6374,"6",3,"GA 982508","0","R","whole kernel reject","reject",NA,200,0,0,0.1,0.7,0.8
62,"2002","06","05","07","10",2384,"2",3,"AT 201","0","R","whole kernel reject","reject",NA,199.9,66.7,200,518.6,2964.6,3749.8
63,"2002","06","05","07","10",6184,"6",1,"AT 201","0","R","whole kernel reject","reject",NA,200.2,0,4.3,381.5,3514.1,3899.9
64,"2002","06","05","07","10",2284,"2",2,"AT 201","0","R","whole kernel reject","reject",NA,200.2,4.4,13.3,567.7,3227.4,3812.8
65,"2002","06","05","07","10",2184,"2",1,"AT 201","0","R","whole kernel reject","reject",NA,200.1,0,0,27.5,204.3,231.8
66,"2002","06","05","07","10",3274,"3",2,"GA 982508","0","LA","loose split kernel accept","accept",32.1,32.1,0,0,0.1,0.9,1
67,"2002","06","05","07","10",6374,"6",3,"GA 982508","0","LA","loose split kernel accept","accept",43.7,43.7,0,0,0.2,2.5,2.7
68,"2002","06","05","07","10",6184,"6",1,"AT 201","0","LA","loose split kernel accept","accept",71.9,71.9,1.4,4.3,180,913.9,1099.6
69,"2002","06","05","07","10",6174,"6",1,"GA 982508","0","LA","loose split kernel accept","accept",75.7,75.7,0,0,0,0.3,0.3
70,"2002","06","05","07","10",2174,"2",1,"GA 982508","0","LA","loose split kernel accept","accept",38.8,38.8,0,0,0.1,3,3.1
71,"2002","06","05","07","10",6384,"6",3,"AT 201","0","LA","loose split kernel accept","accept",48.2,48.2,0.9,2.8,59.5,340.3,403.5
72,"2002","06","05","07","10",2384,"2",3,"AT 201","0","LA","loose split kernel accept","accept",33.4,33.4,131,403,762.4,4546.3,5842.7
73,"2002","06","05","07","10",2284,"2",2,"AT 201","0","LA","loose split kernel accept","accept",48.2,48.2,119.3,459.4,827.6,4404.5,5810.8
74,"2002","06","05","07","10",3374,"3",3,"GA 982508","0","LA","loose split kernel accept","accept",50.8,50.8,0,0,0.2,1.7,1.9
75,"2002","06","05","07","10",3284,"3",2,"AT 201","0","LA","loose split kernel accept","accept",41.9,41.9,15,45.1,609.7,3636.4,4306.2
76,"2002","06","05","07","10",3384,"3",3,"AT 201","0","LA","loose split kernel accept","accept",50.5,50.5,0,0,793,6413.8,7206.8
77,"2002","06","05","07","10",6274,"6",2,"GA 982508","0","LA","loose split kernel accept","accept",61,61,0.3,1.6,0.3,0.6,2.8
78,"2002","06","05","07","10",2274,"2",2,"GA 982508","0","LA","loose split kernel accept","accept",28.2,28.2,0,0,0.2,2.4,2.6
79,"2002","06","05","07","10",2374,"2",3,"GA 982508","0","LA","loose split kernel accept","accept",35.4,35.4,0,0,0.2,2,2.2
80,"2002","06","05","07","10",2184,"2",1,"AT 201","0","LA","loose split kernel accept","accept",72.8,72.8,0,0,60.5,310.9,371.4
81,"2002","06","05","07","10",3174,"3",1,"GA 982508","0","LA","loose split kernel accept","accept",36.5,36.5,0,0,0,1.5,1.5
82,"2002","06","05","07","10",3184,"3",1,"AT 201","0","LA","loose split kernel accept","accept",64.3,64.3,18,41.6,139.3,834.2,1022.1
83,"2002","06","05","07","10",6284,"6",2,"AT 201","0","LA","loose split kernel accept","accept",51,51,765.5,2234.7,1006.1,5664.9,9671.1
84,"2002","06","05","07","10",3164,"3",1,"GA Green diamond","0","A","whole kernel accept","premium",NA,199.9,0,0,4.2,60.4,64.6
85,"2002","06","05","07","10",6354,"6",3,"GA Green twin","0","A","whole kernel accept","premium",NA,200.1,0,0,0,0,0
86,"2002","06","05","07","10",2254,"2",2,"GA Green twin","0","A","whole kernel accept","premium",NA,199.8,0,0,0,0,0
87,"2002","06","05","07","10",2364,"2",3,"GA Green diamond","0","A","whole kernel accept","premium",NA,200,0,0,0,0,0
88,"2002","06","05","07","10",6254,"6",2,"GA Green twin","0","A","whole kernel accept","premium",NA,200,0,0,15,56.2,71.2
89,"2002","06","05","07","10",6164,"6",1,"GA Green diamond","0","A","whole kernel accept","premium",NA,200,0,0,0,0,0
90,"2002","06","05","07","10",3264,"3",2,"GA Green diamond","0","A","whole kernel accept","premium",NA,200,0,0,0,0,0
91,"2002","06","05","07","10",2264,"2",2,"GA Green diamond","0","A","whole kernel accept","premium",NA,200,0,0,0,0,0
92,"2002","06","05","07","10",3254,"3",2,"GA Green twin","0","A","whole kernel accept","premium",NA,200,0,0,0,0,0
93,"2002","06","05","07","10",2354,"2",3,"GA Green twin","0","A","whole kernel accept","premium",NA,200,0,0,0,0,0
94,"2002","06","05","07","10",6364,"6",3,"GA Green diamond","0","A","whole kernel accept","premium",NA,199.8,0,0,0,0,0
95,"2002","06","05","07","10",2154,"2",1,"GA Green twin","0","A","whole kernel accept","premium",NA,199.9,0,0,0,0,0
96,"2002","06","05","07","10",3154,"3",1,"GA Green twin","0","A","whole kernel accept","premium",NA,200,0,0,0,0.4,0.4
97,"2002","06","05","07","10",3354,"3",3,"GA Green twin","0","A","whole kernel accept","premium",NA,200,0,0,0,0,0
98,"2002","06","05","07","10",3364,"3",3,"GA Green diamond","0","A","whole kernel accept","premium",NA,199.9,0,0,0,0,0
99,"2002","06","05","07","10",2164,"2",1,"GA Green diamond","0","A","whole kernel accept","premium",NA,199.9,0,0,0,1.4,1.4
100,"2002","06","05","07","10",6264,"6",2,"GA Green diamond","0","A","whole kernel accept","premium",NA,200.1,0,0,2.7,23.7,26.4
101,"2002","06","05","07","10",6154,"6",1,"GA Green twin","0","A","whole kernel accept","premium",NA,200.1,0,0,3.7,17,20.7
102,"2002","06","05","07","10",6184,"6",1,"AT 201","0","A","whole kernel accept","premium",NA,200,0,0,5.1,50.2,55.3
103,"2002","06","05","07","10",6274,"6",2,"GA 982508","0","A","whole kernel accept","premium",NA,199.9,0,0,0,0.5,0.5
104,"2002","06","05","07","10",6174,"6",1,"GA 982508","0","A","whole kernel accept","premium",NA,200.1,0,0,1.5,10.2,11.7
105,"2002","06","05","07","10",2174,"2",1,"GA 982508","0","A","whole kernel accept","premium",NA,200.1,0,0,0.3,3.2,3.5
106,"2002","06","05","07","10",3274,"3",2,"GA 982508","0","A","whole kernel accept","premium",NA,200,0,0,0,0,0
107,"2002","06","05","07","10",2284,"2",2,"AT 201","0","A","whole kernel accept","premium",NA,200,3.4,10.2,53.8,262.4,329.8
108,"2002","06","05","07","10",3384,"3",3,"AT 201","0","A","whole kernel accept","premium",NA,200.1,1.2,3.6,139.5,801.3,945.6
109,"2002","06","05","07","10",3174,"3",1,"GA 982508","0","A","whole kernel accept","premium",NA,200,0,0,0,0.3,0.3
110,"2002","06","05","07","10",3284,"3",2,"AT 201","0","A","whole kernel accept","premium",NA,200,7.3,24.9,15.9,89.4,137.5
111,"2002","06","05","07","10",6284,"6",2,"AT 201","0","A","whole kernel accept","premium",NA,199.8,27.8,69.7,51.3,243.7,392.5
112,"2002","06","05","07","10",3184,"3",1,"AT 201","0","A","whole kernel accept","premium",NA,200,0.3,1.8,1.2,6.4,9.7
113,"2002","06","05","07","10",2384,"2",3,"AT 201","0","A","whole kernel accept","premium",NA,199.8,18.6,40.6,121.6,678.4,859.2
114,"2002","06","05","07","10",6384,"6",3,"AT 201","0","A","whole kernel accept","premium",NA,199.9,0,0,4.5,25.8,30.3
115,"2002","06","05","07","10",3374,"3",3,"GA 982508","0","A","whole kernel accept","premium",NA,200.1,0,0,0,0,0
116,"2002","06","05","07","10",2374,"2",3,"GA 982508","0","A","whole kernel accept","premium",NA,200.1,0,0,0,0,0
117,"2002","06","05","07","10",2184,"2",1,"AT 201","0","A","whole kernel accept","premium",NA,199.8,0,0,0.4,4,4.4
118,"2002","06","05","07","10",2274,"2",2,"GA 982508","0","A","whole kernel accept","premium",NA,200.1,0,0,0,0,0
119,"2002","06","05","07","10",6374,"6",3,"GA 982508","0","A","whole kernel accept","premium",NA,200,0,0,0,0,0
120,"2002","06","05","07","10",2273,"2",2,"GA 982508","50","R","whole kernel reject","reject",252.7,252.7,0,0,1.6,17.4,19
121,"2002","06","05","07","10",6373,"6",3,"GA 982508","50","R","whole kernel reject","reject",226.9,226.9,0,0,0.3,1.8,2.1
122,"2002","06","05","07","10",2383,"2",3,"AT 201","50","R","whole kernel reject","reject",242.9,242.9,0,0,0.8,5.2,6
123,"2002","06","05","07","10",3373,"3",3,"GA 982508","50","R","whole kernel reject","reject",236.4,236.4,0,0,0.3,3.1,3.4
124,"2002","06","05","07","10",6383,"6",3,"AT 201","50","R","whole kernel reject","reject",253.9,253.9,0,0,0.4,3.8,4.2
125,"2002","06","05","07","10",6173,"6",1,"GA 982508","50","R","whole kernel reject","reject",228.9,228.9,0,0,0.1,0.4,0.5
126,"2002","06","05","07","10",3173,"3",1,"GA 982508","50","R","whole kernel reject","reject",283.5,283.5,0,0,0.3,2.2,2.5
127,"2002","06","05","07","10",3183,"3",1,"AT 201","50","R","whole kernel reject","reject",271.7,271.7,0,0,3.6,26.8,30.4
128,"2002","06","05","07","10",3283,"3",2,"AT 201","50","R","whole kernel reject","reject",222.7,222.7,0,0,1.1,7,8.1
129,"2002","06","05","07","10",3273,"3",2,"GA 982508","50","R","whole kernel reject","reject",264.1,264.1,0,0,0.3,2,2.3
130,"2002","06","05","07","10",6273,"6",2,"GA 982508","50","R","whole kernel reject","reject",292,292,0,0,0.1,0.6,0.7
131,"2002","06","05","07","10",2173,"2",1,"GA 982508","50","R","whole kernel reject","reject",NA,199.9,0,0,0.4,4.8,5.2
132,"2002","06","05","07","10",6263,"6",2,"GA Green diamond","50","R","whole kernel reject","reject",NA,200.1,0,0,0,0,0
133,"2002","06","05","07","10",2363,"2",3,"GA Green diamond","50","R","whole kernel reject","reject",NA,199.9,0,0,0,0,0
134,"2002","06","05","07","10",2373,"2",3,"GA 982508","50","R","whole kernel reject","reject",NA,200,0,0,0.4,2.6,3
135,"2002","06","05","07","10",2183,"2",1,"AT 201","50","R","whole kernel reject","reject",NA,200,1.7,7,1.2,7.2,17.1
136,"2002","06","05","07","10",2163,"2",1,"GA Green diamond","50","R","whole kernel reject","reject",NA,199.9,0,0,0,0,0
137,"2002","06","05","07","10",3383,"3",3,"AT 201","50","R","whole kernel reject","reject",NA,200,0.5,1.5,5.7,42.1,49.8
138,"2002","06","05","07","10",2283,"2",2,"AT 201","50","R","whole kernel reject","reject",NA,200.1,2,0,1.6,7.4,11
139,"2002","06","05","07","10",6283,"6",2,"AT 201","50","R","whole kernel reject","reject",NA,199.8,0,0,0.1,0.3,0.4
140,"2002","06","05","07","10",6363,"6",3,"GA Green diamond","50","R","whole kernel reject","reject",NA,199.9,0,0,0,0,0
141,"2002","06","05","07","10",3163,"3",1,"GA Green diamond","50","R","whole kernel reject","reject",NA,200,0,0,0,0.2,0.2
142,"2002","06","05","07","10",2263,"2",2,"GA Green diamond","50","R","whole kernel reject","reject",NA,200.1,0,0,0,0,0
143,"2002","06","05","07","10",6153,"6",1,"GA Green twin","50","R","whole kernel reject","reject",NA,199.9,0,0,0,0,0
144,"2002","06","05","07","10",3153,"3",1,"GA Green twin","50","R","whole kernel reject","reject",NA,200,0,0,0,0.1,0.1
145,"2002","06","05","07","10",2153,"2",1,"GA Green twin","50","R","whole kernel reject","reject",NA,200,0,0,0,0,0
146,"2002","06","05","07","10",3363,"3",3,"GA Green diamond","50","R","whole kernel reject","reject",NA,200,0,0,0,0,0
147,"2002","06","05","07","10",6183,"6",1,"AT 201","50","R","whole kernel reject","reject",NA,200,0.3,2.7,0.4,3,6.4
148,"2002","06","05","07","10",3263,"3",2,"GA Green diamond","50","R","whole kernel reject","reject",NA,200,0,0,0,0,0
149,"2002","06","05","07","10",6163,"6",1,"GA Green diamond","50","LA","loose split kernel accept","accept",35.8,35.8,0,0,0,0.2,0.2
150,"2002","06","05","07","10",3153,"3",1,"GA Green twin","50","LA","loose split kernel accept","accept",42.3,42.3,0,0,0,0.3,0.3
151,"2002","06","05","07","10",3263,"3",2,"GA Green diamond","50","LA","loose split kernel accept","accept",37.8,37.8,0,0,0.2,0.9,1.1
152,"2002","06","05","07","10",6363,"6",3,"GA Green diamond","50","LA","loose split kernel accept","accept",62.6,62.6,0,0,0,0.4,0.4
153,"2002","06","05","07","10",3253,"3",2,"GA Green twin","50","LA","loose split kernel accept","accept",31.5,31.5,0,0,0.1,1,1.1
154,"2002","06","05","07","10",2363,"2",3,"GA Green diamond","50","LA","loose split kernel accept","accept",49.5,49.5,0,0,0,0.4,0.4
155,"2002","06","05","07","10",6153,"6",1,"GA Green twin","50","LA","loose split kernel accept","accept",41.5,41.5,0,0,0,0.5,0.5
156,"2002","06","05","07","10",3353,"3",3,"GA Green twin","50","LA","loose split kernel accept","accept",42,42,0,0,0,0.2,0.2
157,"2002","06","05","07","10",6253,"6",2,"GA Green twin","50","LA","loose split kernel accept","accept",38.7,38.7,0,0,0,0.1,0.1
158,"2002","06","05","07","10",2153,"2",1,"GA Green twin","50","LA","loose split kernel accept","accept",35.1,35.1,0,0,0,0.3,0.3
159,"2002","06","05","07","10",6353,"6",3,"GA Green twin","50","LA","loose split kernel accept","accept",41.5,41.5,0,0,0,0.2,0.2
160,"2002","06","05","07","10",2353,"2",3,"GA Green twin","50","LA","loose split kernel accept","accept",22.9,22.9,0,0,0.5,3.7,4.2
161,"2002","06","05","07","10",6263,"6",2,"GA Green diamond","50","LA","loose split kernel accept","accept",41.9,41.9,0,0,0,0.4,0.4
162,"2002","06","05","07","10",3363,"3",3,"GA Green diamond","50","LA","loose split kernel accept","accept",60.4,60.4,0,0,0,0.3,0.3
163,"2002","06","05","07","10",2253,"2",2,"GA Green twin","50","LA","loose split kernel accept","accept",28.1,28.1,0,0,0.2,1.5,1.7
164,"2002","06","05","07","10",2163,"2",1,"GA Green diamond","50","LA","loose split kernel accept","accept",30.6,30.6,0,0,0,0.7,0.7
165,"2002","06","05","07","10",2263,"2",2,"GA Green diamond","50","LA","loose split kernel accept","accept",23.2,23.2,0,0,0.3,2.3,2.6
166,"2002","06","05","07","10",3163,"3",1,"GA Green diamond","50","LA","loose split kernel accept","accept",25,25,0,0,0.2,1.8,2
167,"2002","06","05","07","10",3173,"3",1,"GA 982508","50","LA","loose split kernel accept","accept",43.8,43.8,0,0,0,0.3,0.3
168,"2002","06","05","07","10",6273,"6",2,"GA 982508","50","LA","loose split kernel accept","accept",39,39,0,0,0,0.4,0.4
169,"2002","06","05","07","10",3283,"3",2,"AT 201","50","LA","loose split kernel accept","accept",40.4,40.4,0,0,0,0.4,0.4
170,"2002","06","05","07","10",3273,"3",2,"GA 982508","50","LA","loose split kernel accept","accept",22.8,22.8,0,0,0.2,1.7,1.9
171,"2002","06","05","07","10",2383,"2",3,"AT 201","50","LA","loose split kernel accept","accept",25.8,25.8,0,0,0.2,1.6,1.8
172,"2002","06","05","07","10",3183,"3",1,"AT 201","50","LA","loose split kernel accept","accept",35.4,35.4,0,0,0.9,6.8,7.7
173,"2002","06","05","07","10",6383,"6",3,"AT 201","50","LA","loose split kernel accept","accept",30.5,30.5,0,0,0,0.2,0.2
174,"2002","06","05","07","10",2373,"2",3,"GA 982508","50","LA","loose split kernel accept","accept",18.4,18.4,0,0,0,1.7,1.7
175,"2002","06","05","07","10",6283,"6",2,"AT 201","50","LA","loose split kernel accept","accept",50.9,50.9,0,0,0,0.3,0.3
176,"2002","06","05","07","10",6373,"6",3,"GA 982508","50","LA","loose split kernel accept","accept",44,44,0,0,0,0.1,0.1
177,"2002","06","05","07","10",3373,"3",3,"GA 982508","50","LA","loose split kernel accept","accept",26.1,26.1,0,0,0.3,2.1,2.4
178,"2002","06","05","07","10",2183,"2",1,"AT 201","50","LA","loose split kernel accept","accept",32.7,32.7,0,0,0,0.3,0.3
179,"2002","06","05","07","10",3383,"3",3,"AT 201","50","LA","loose split kernel accept","accept",44.6,44.6,0,0,0,0.4,0.4
180,"2002","06","05","07","10",6183,"6",1,"AT 201","50","LA","loose split kernel accept","accept",37.2,37.2,0,0,0,0.2,0.2
181,"2002","06","05","07","10",2173,"2",1,"GA 982508","50","LA","loose split kernel accept","accept",37.3,37.3,0,0,0,0.2,0.2
182,"2002","06","05","07","10",6173,"6",1,"GA 982508","50","LA","loose split kernel accept","accept",32,32,0,0,0,0.3,0.3
183,"2002","06","05","07","10",2273,"2",2,"GA 982508","50","LA","loose split kernel accept","accept",13,13,0,0,0.1,1.3,1.4
184,"2002","06","05","07","10",2283,"2",2,"AT 201","50","LA","loose split kernel accept","accept",40.5,40.5,0.4,1.1,6.1,25.7,33.3
185,"2002","06","05","07","10",3153,"3",1,"GA Green twin","50","A","whole kernel accept","premium",NA,200.1,0,0,0,0,0
186,"2002","06","05","07","10",6173,"6",1,"GA 982508","50","A","whole kernel accept","premium",NA,200,0,0,0,0,0
187,"2002","06","05","07","10",2163,"2",1,"GA Green diamond","50","A","whole kernel accept","premium",NA,200,0,0,0,0,0
188,"2002","06","05","07","10",3263,"3",2,"GA Green diamond","50","A","whole kernel accept","premium",NA,200,0,0,0,0,0
189,"2002","06","05","07","10",6153,"6",1,"GA Green twin","50","A","whole kernel accept","premium",NA,199.9,0,0,0,0,0
190,"2002","06","05","07","10",6363,"6",3,"GA Green diamond","50","A","whole kernel accept","premium",NA,199.9,0,0,0,0,0
191,"2002","06","05","07","10",3353,"3",3,"GA Green twin","50","A","whole kernel accept","premium",NA,199.9,0,0,0,0,0
192,"2002","06","05","07","10",2153,"2",1,"GA Green twin","50","A","whole kernel accept","premium",NA,200.1,0,0,0,0,0
193,"2002","06","05","07","10",6353,"6",3,"GA Green twin","50","A","whole kernel accept","premium",NA,200.2,0,0,0,0,0
194,"2002","06","05","07","10",3173,"3",1,"GA 982508","50","A","whole kernel accept","premium",NA,200.2,0,0,0,0.1,0.1
195,"2002","06","05","07","10",2363,"2",3,"GA Green diamond","50","A","whole kernel accept","premium",NA,200.2,0,0,0,0.1,0.1
196,"2002","06","05","07","10",6263,"6",2,"GA Green diamond","50","A","whole kernel accept","premium",NA,199.9,0,0,0,0.1,0.1
197,"2002","06","05","07","10",6163,"6",1,"GA Green diamond","50","A","whole kernel accept","premium",NA,199.8,0,0,0,0,0
198,"2002","06","05","07","10",2273,"2",2,"GA 982508","50","A","whole kernel accept","premium",NA,199.8,0,0,0.1,0.4,0.5
199,"2002","06","05","07","10",3363,"3",3,"GA Green diamond","50","A","whole kernel accept","premium",NA,200,0,0,0,0,0
200,"2002","06","05","07","10",2383,"2",3,"AT 201","50","A","whole kernel accept","premium",NA,200.2,0,0,0,0.3,0.3
201,"2002","06","05","07","10",2263,"2",2,"GA Green diamond","50","A","whole kernel accept","premium",NA,199.8,0,0,0,0,0
202,"2002","06","05","07","10",6283,"6",2,"AT 201","50","A","whole kernel accept","premium",NA,200.2,0,0,0,0.2,0.2
203,"2002","06","05","07","10",3383,"3",3,"AT 201","50","A","whole kernel accept","premium",NA,199.9,0,0,2,13.4,15.4
204,"2002","06","05","07","10",6183,"6",1,"AT 201","50","A","whole kernel accept","premium",NA,200.1,0,0,0.2,1.3,1.5
205,"2002","06","05","07","10",6373,"6",3,"GA 982508","50","A","whole kernel accept","premium",NA,199.9,0,0,0,0.2,0.2
206,"2002","06","05","07","10",3273,"3",2,"GA 982508","50","A","whole kernel accept","premium",NA,199.9,0,0,0,0.3,0.3
207,"2002","06","05","07","10",3373,"3",3,"GA 982508","50","A","whole kernel accept","premium",NA,199.9,0,0,0,0.1,0.1
208,"2002","06","05","07","10",6273,"6",2,"GA 982508","50","A","whole kernel accept","premium",NA,200,0,0,0,0,0
209,"2002","06","05","07","10",2283,"2",2,"AT 201","50","A","whole kernel accept","premium",NA,200.1,0,0,0,0.2,0.2
210,"2002","06","05","07","10",3163,"3",1,"GA Green diamond","50","A","whole kernel accept","premium",NA,200,0,0,0,0,0
211,"2002","06","05","07","10",2373,"2",3,"GA 982508","50","A","whole kernel accept","premium",NA,200.1,0,0,0,0.4,0.4
212,"2002","06","05","07","10",6253,"6",2,"GA Green twin","50","A","whole kernel accept","premium",NA,200,0,0,0,0,0
213,"2002","06","05","07","10",2353,"2",3,"GA Green twin","50","A","whole kernel accept","premium",NA,200,0,0,0,0,0
214,"2002","06","05","07","10",3183,"3",1,"AT 201","50","A","whole kernel accept","premium",NA,199.9,0,0,0.1,0.2,0.3
215,"2002","06","05","07","10",3253,"3",2,"GA Green twin","50","A","whole kernel accept","premium",NA,199.9,0,0,0,0,0
216,"2002","06","05","07","10",2183,"2",1,"AT 201","50","A","whole kernel accept","premium",NA,200,0,0,0,0.1,0.1
217,"2002","06","05","07","10",3283,"3",2,"AT 201","50","A","whole kernel accept","premium",NA,200,0,0,0,0.1,0.1
218,"2002","06","05","07","10",2173,"2",1,"GA 982508","50","A","whole kernel accept","premium",NA,200,0,0,0,0.2,0.2
219,"2002","06","05","07","10",2253,"2",2,"GA Green twin","50","A","whole kernel accept","premium",NA,199.9,0,0,0,0,0
220,"2002","06","05","07","10",6383,"6",3,"AT 201","50","A","whole kernel accept","premium",NA,200,0,0,0,0,0
221,"2002","06","05","07","10",3252,"3",2,"GA Green twin","75","LA","loose split kernel accept","accept",21.5,21.5,0,0,0,0.5,0.5
222,"2002","06","05","07","10",2352,"2",3,"GA Green twin","75","LA","loose split kernel accept","accept",30.8,30.8,0,0,0,0.5,0.5
223,"2002","06","05","07","10",6162,"6",1,"GA Green diamond","75","LA","loose split kernel accept","accept",29.5,29.5,0,0,0.1,1.2,1.3
224,"2002","06","05","07","10",2252,"2",2,"GA Green twin","75","LA","loose split kernel accept","accept",33.4,33.4,0,0,0,0,0
225,"2002","06","05","07","10",2362,"2",3,"GA Green diamond","75","LA","loose split kernel accept","accept",32.2,32.2,0,0,0,0.1,0.1
226,"2002","06","05","07","10",3352,"3",3,"GA Green twin","75","LA","loose split kernel accept","accept",27.6,27.6,0,0,0.1,0.7,0.8
227,"2002","06","05","07","10",2162,"2",1,"GA Green diamond","75","LA","loose split kernel accept","accept",14,14,0,0,0.6,4.7,5.3
228,"2002","06","05","07","10",2262,"2",2,"GA Green diamond","75","LA","loose split kernel accept","accept",18.8,18.8,0,0,0.7,4.7,5.4
229,"2002","06","05","07","10",6262,"6",2,"GA Green diamond","75","LA","loose split kernel accept","accept",41.2,41.2,0,0,0,0.2,0.2
230,"2002","06","05","07","10",2152,"2",1,"GA Green twin","75","LA","loose split kernel accept","accept",33.8,33.8,0,0,0,0.3,0.3
231,"2002","06","05","07","10",6362,"6",3,"GA Green diamond","75","LA","loose split kernel accept","accept",46.2,46.2,0,0,0,0.1,0.1
232,"2002","06","05","07","10",6252,"6",2,"GA Green twin","75","LA","loose split kernel accept","accept",36.1,36.1,0,0,0,0,0
233,"2002","06","05","07","10",3362,"3",3,"GA Green diamond","75","LA","loose split kernel accept","accept",29.9,29.9,0,0,0.2,1.8,2
234,"2002","06","05","07","10",3262,"3",2,"GA Green diamond","75","LA","loose split kernel accept","accept",27.7,27.7,0,0,0.1,0.6,0.7
235,"2002","06","05","07","10",3162,"3",1,"GA Green diamond","75","LA","loose split kernel accept","accept",14.8,14.8,0,0,0.2,2,2.2
236,"2002","06","05","07","10",6152,"6",1,"GA Green twin","75","LA","loose split kernel accept","accept",34.5,34.5,0,0,0,0.1,0.1
237,"2002","06","05","07","10",6352,"6",3,"GA Green twin","75","LA","loose split kernel accept","accept",37.6,37.6,0,0,0,0.3,0.3
238,"2002","06","05","07","10",3152,"3",1,"GA Green twin","75","LA","loose split kernel accept","accept",27.4,27.4,0,0,0.5,3.5,4
239,"2002","06","05","07","10",6282,"6",2,"AT 201","75","L","loose split kernel reject","reject",76.4,76.4,0,0,0,0,0
240,"2002","06","05","07","10",3382,"3",3,"AT 201","75","L","loose split kernel reject","reject",33.9,33.9,0,0,0,0.3,0.3
241,"2002","06","05","07","10",2272,"2",2,"GA 982508","75","L","loose split kernel reject","reject",47,47,0,0,0,0,0
242,"2002","06","05","07","10",6172,"6",1,"GA 982508","75","L","loose split kernel reject","reject",19.9,19.9,0,0,0.2,1.4,1.6
243,"2002","06","05","07","10",3172,"3",1,"GA 982508","75","L","loose split kernel reject","reject",43.6,43.6,0,0,0,0.2,0.2
244,"2002","06","05","07","10",6382,"6",3,"AT 201","75","L","loose split kernel reject","reject",34.9,34.9,0.2,0.7,15.8,99.7,116.4
245,"2002","06","05","07","10",3282,"3",2,"AT 201","75","L","loose split kernel reject","reject",17.9,17.9,0,0,0.1,1.3,1.4
246,"2002","06","05","07","10",6272,"6",2,"GA 982508","75","L","loose split kernel reject","reject",29.6,29.6,0,0,0.1,0.7,0.8
247,"2002","06","05","07","10",2382,"2",3,"AT 201","75","L","loose split kernel reject","reject",36.1,36.1,0,0,0,0.4,0.4
248,"2002","06","05","07","10",6372,"6",3,"GA 982508","75","L","loose split kernel reject","reject",99.9,99.9,0,0,0,0,0
249,"2002","06","05","07","10",3272,"3",2,"GA 982508","75","L","loose split kernel reject","reject",27.3,27.3,0,0,0.1,1.2,1.3
250,"2002","06","05","07","10",3372,"3",3,"GA 982508","75","L","loose split kernel reject","reject",24.9,24.9,0,0,0.3,2,2.3
251,"2002","06","05","07","10",3182,"3",1,"AT 201","75","L","loose split kernel reject","reject",36.4,36.4,0,0,0,0.1,0.1
252,"2002","06","05","07","10",2282,"2",2,"AT 201","75","L","loose split kernel reject","reject",22.4,22.4,0,0,0.1,0.7,0.8
253,"2002","06","05","07","10",2182,"2",1,"AT 201","75","L","loose split kernel reject","reject",52.2,52.2,0,0,1.2,6,7.2
254,"2002","06","05","07","10",2372,"2",3,"GA 982508","75","L","loose split kernel reject","reject",24.8,24.8,0,0,0.2,1.6,1.8
255,"2002","06","05","07","10",2172,"2",1,"GA 982508","75","L","loose split kernel reject","reject",30,30,0,0,0.1,1.1,1.2
256,"2002","06","05","07","10",6182,"6",1,"AT 201","75","L","loose split kernel reject","reject",43.6,43.6,0,0,0,0,0
257,"2002","06","05","07","10",2282,"2",2,"AT 201","75","R","whole kernel reject","reject",257.7,257.7,0,0,0,0.1,0.1
258,"2002","06","05","07","10",2372,"2",3,"GA 982508","75","R","whole kernel reject","reject",239.8,239.8,0,0,0,0.1,0.1
259,"2002","06","05","07","10",3372,"3",3,"GA 982508","75","R","whole kernel reject","reject",225.7,225.7,0,0,0,0.3,0.3
260,"2002","06","05","07","10",3282,"3",2,"AT 201","75","R","whole kernel reject","reject",258.5,258.5,0,0,0.5,2.6,3.1
261,"2002","06","05","07","10",6372,"6",3,"GA 982508","75","R","whole kernel reject","reject",250,250,0,0,0,0.1,0.1
262,"2002","06","05","07","10",2382,"2",3,"AT 201","75","R","whole kernel reject","reject",290.2,290.2,0,0,0,0.2,0.2
263,"2002","06","05","07","10",6382,"6",3,"AT 201","75","R","whole kernel reject","reject",281.9,281.9,0,0,294.9,1179.5,1474.4
264,"2002","06","05","07","10",2172,"2",1,"GA 982508","75","R","whole kernel reject","reject",235.9,235.9,0,0,0,0,0
265,"2002","06","05","07","10",3272,"3",2,"GA 982508","75","R","whole kernel reject","reject",212.2,212.2,0,0,0,0,0
266,"2002","06","05","07","10",2272,"2",2,"GA 982508","75","R","whole kernel reject","reject",218.3,218.3,0,0,0.7,3.5,4.2
267,"2002","06","05","07","10",3172,"3",1,"GA 982508","75","R","whole kernel reject","reject",217.7,217.7,0,0,0,0,0
268,"2002","06","05","07","10",6182,"6",1,"AT 201","75","R","whole kernel reject","reject",278.6,278.6,0,0,0,0.1,0.1
269,"2002","06","05","07","10",6172,"6",1,"GA 982508","75","R","whole kernel reject","reject",239,239,0,0,0.2,0.7,0.9
270,"2002","06","05","07","10",3182,"3",1,"AT 201","75","R","whole kernel reject","reject",269.3,269.3,0,0,0.6,3,3.6
271,"2002","06","05","07","10",3382,"3",3,"AT 201","75","R","whole kernel reject","reject",NA,199.9,0,0,0,0,0
272,"2002","06","05","07","10",6272,"6",2,"GA 982508","75","R","whole kernel reject","reject",NA,200.2,0,0,0,0,0
273,"2002","06","05","07","10",2182,"2",1,"AT 201","75","R","whole kernel reject","reject",NA,200,0,0,0,0,0
274,"2002","06","05","07","10",6282,"6",2,"AT 201","75","R","whole kernel reject","reject",NA,199.8,0,0,0,0,0
275,"2002","06","05","07","10",3152,"3",1,"GA Green twin","75","R","whole kernel reject","reject",NA,200.2,0,0,0,0,0
276,"2002","06","05","07","10",6262,"6",2,"GA Green diamond","75","R","whole kernel reject","reject",NA,199.8,0,0,0,0,0
277,"2002","06","05","07","10",3162,"3",1,"GA Green diamond","75","R","whole kernel reject","reject",NA,200,0,0,0,0,0
278,"2002","06","05","07","10",2152,"2",1,"GA Green twin","75","R","whole kernel reject","reject",NA,199.9,0,0,0,0,0
279,"2002","06","05","07","10",6352,"6",3,"GA Green twin","75","R","whole kernel reject","reject",NA,200,0,0,0,0,0
280,"2002","06","05","07","10",6162,"6",1,"GA Green diamond","75","R","whole kernel reject","reject",NA,199.9,0,0,0,0,0
281,"2002","06","05","07","10",3362,"3",3,"GA Green diamond","75","R","whole kernel reject","reject",NA,200,0.4,3.4,0.3,1.8,5.9
282,"2002","06","05","07","10",2352,"2",3,"GA Green twin","75","R","whole kernel reject","reject",NA,200,0,0,0,0,0
283,"2002","06","05","07","10",2162,"2",1,"GA Green diamond","75","R","whole kernel reject","reject",NA,200,0,0,0,0,0
284,"2002","06","05","07","10",2362,"2",3,"GA Green diamond","75","A","whole kernel accept","premium",NA,199.9,0,0,0,0,0
285,"2002","06","05","07","10",2252,"2",2,"GA Green twin","75","R","whole kernel reject","reject",NA,200,0,0,0,0,0
286,"2002","06","05","07","10",3352,"3",3,"GA Green twin","75","R","whole kernel reject","reject",NA,200,0,0,0,0,0
287,"2002","06","05","07","10",6362,"6",3,"GA Green diamond","75","R","whole kernel reject","reject",NA,199.9,0,0,0,0,0
288,"2002","06","05","07","10",3252,"3",2,"GA Green twin","75","R","whole kernel reject","reject",NA,199.9,0,0,0,0,0
289,"2002","06","05","07","10",3262,"3",2,"GA Green diamond","75","R","whole kernel reject","reject",NA,199.9,0,0,0,0.2,0.2
290,"2002","06","05","07","10",2262,"2",2,"GA Green diamond","75","R","whole kernel reject","reject",NA,200.1,0,0,0,0,0
291,"2002","06","05","07","10",2362,"2",3,"GA Green diamond","75","R","whole kernel reject","reject",NA,200.1,0,0,0,0,0
292,"2002","06","05","07","10",6152,"6",1,"GA Green twin","75","R","whole kernel reject","reject",NA,200.1,0,0,0,0,0
293,"2002","06","05","07","10",6162,"6",1,"GA Green diamond","75","A","whole kernel accept","premium",NA,200.1,0,0,0,0.1,0.1
294,"2002","06","05","07","10",3272,"3",2,"GA 982508","75","A","whole kernel accept","premium",NA,200,0,0,0,0,0
295,"2002","06","05","07","10",3372,"3",3,"GA 982508","75","A","whole kernel accept","premium",NA,199.9,0,0,0,0,0
296,"2002","06","05","07","10",2382,"2",3,"AT 201","75","A","whole kernel accept","premium",NA,199.9,0,0,0,0,0
297,"2002","06","05","07","10",3362,"3",3,"GA Green diamond","75","A","whole kernel accept","premium",NA,199.8,0,0,0,0,0
298,"2002","06","05","07","10",2172,"2",1,"GA 982508","75","A","whole kernel accept","premium",NA,199.9,0,0,0,0,0
299,"2002","06","05","07","10",6382,"6",3,"AT 201","75","A","whole kernel accept","premium",NA,200.2,4.3,13,13.7,51.3,82.3
300,"2002","06","05","07","10",3382,"3",3,"AT 201","75","A","whole kernel accept","premium",NA,199.9,0,0,0,0,0
301,"2002","06","05","07","10",6362,"6",3,"GA Green diamond","75","A","whole kernel accept","premium",NA,199.9,0,0,0,0,0
302,"2002","06","05","07","10",6272,"6",2,"GA 982508","75","A","whole kernel accept","premium",NA,200,0,0,0,0,0
303,"2002","06","05","07","10",2282,"2",2,"AT 201","75","A","whole kernel accept","premium",NA,199.9,0,0,0,0,0
304,"2002","06","05","07","10",2182,"2",1,"AT 201","75","A","whole kernel accept","premium",NA,199.9,0,0,0,0,0
305,"2002","06","05","07","10",2162,"2",1,"GA Green diamond","75","A","whole kernel accept","premium",NA,199.9,0,0,0,0,0
306,"2002","06","05","07","10",3262,"3",2,"GA Green diamond","75","A","whole kernel accept","premium",NA,200.2,0,0,0,0,0
307,"2002","06","05","07","10",2262,"2",2,"GA Green diamond","75","A","whole kernel accept","premium",NA,200.1,0,0,0,0,0
308,"2002","06","05","07","10",6282,"6",2,"AT 201","75","A","whole kernel accept","premium",NA,199.9,0,0,0,0,0
309,"2002","06","05","07","10",3162,"3",1,"GA Green diamond","75","A","whole kernel accept","premium",NA,200,0,0,0,0,0
310,"2002","06","05","07","10",6262,"6",2,"GA Green diamond","75","A","whole kernel accept","premium",NA,200.1,0,0,0,0,0
311,"2002","06","05","07","10",6172,"6",1,"GA 982508","75","A","whole kernel accept","premium",NA,200.2,0,0,0,0,0
312,"2002","06","05","07","10",3152,"3",1,"GA Green twin","75","A","whole kernel accept","premium",NA,200,0,0,0,0,0
313,"2002","06","05","07","10",6352,"6",3,"GA Green twin","75","A","whole kernel accept","premium",NA,199.9,0,0,0,0,0
314,"2002","06","05","07","10",2372,"2",3,"GA 982508","75","A","whole kernel accept","premium",NA,200,0,0,0,0,0
315,"2002","06","05","07","10",3282,"3",2,"AT 201","75","A","whole kernel accept","premium",NA,200,0,0,0,0,0
316,"2002","06","05","07","10",2352,"2",3,"GA Green twin","75","A","whole kernel accept","premium",NA,200.1,0,0,0,0,0
317,"2002","06","05","07","10",2152,"2",1,"GA Green twin","75","A","whole kernel accept","premium",NA,200,0,0,0,0,0
318,"2002","06","05","07","10",3182,"3",1,"AT 201","75","A","whole kernel accept","premium",NA,200,0,0,0,0,0
319,"2002","06","05","07","10",6372,"6",3,"GA 982508","75","A","whole kernel accept","premium",NA,200.1,0,0,0,0,0
320,"2002","06","05","07","10",6182,"6",1,"AT 201","75","A","whole kernel accept","premium",NA,199.9,0,0,0,0,0
321,"2002","06","05","07","10",6152,"6",1,"GA Green twin","75","A","whole kernel accept","premium",NA,200.1,0,0,0,0,0
322,"2002","06","05","07","10",6252,"6",2,"GA Green twin","75","A","whole kernel accept","premium",NA,200.1,0,0,0,0,0
323,"2002","06","05","07","10",3252,"3",2,"GA Green twin","75","A","whole kernel accept","premium",NA,200.1,0,0,0,0,0
324,"2002","06","05","07","10",3172,"3",1,"GA 982508","75","A","whole kernel accept","premium",NA,200,0,0,0,0,0
325,"2002","06","05","07","10",3352,"3",3,"GA Green twin","75","A","whole kernel accept","premium",NA,200.1,0,0,0,0,0
326,"2002","06","05","07","10",2272,"2",2,"GA 982508","75","A","whole kernel accept","premium",NA,200,0,0.5,0.1,0.7,1.3
327,"2002","06","05","07","10",6281,"6",2,"AT 201","100","L","loose split kernel reject","reject",66.2,66.2,0,0,0,1.6,1.6
328,"2002","06","05","07","10",3281,"3",2,"AT 201","100","L","loose split kernel reject","reject",26.6,26.6,0,0,0.1,0.6,0.7
329,"2002","06","05","07","10",2281,"2",2,"AT 201","100","L","loose split kernel reject","reject",22.2,22.2,0,0,0.1,1.2,1.3
330,"2002","06","05","07","10",2381,"2",3,"AT 201","100","L","loose split kernel reject","reject",15.1,15.1,0,0,0.1,1.5,1.6
331,"2002","06","05","07","10",3181,"3",1,"AT 201","100","L","loose split kernel reject","reject",24.9,24.9,0.2,1.4,0.4,3.3,5.3
332,"2002","06","05","07","10",2181,"2",1,"AT 201","100","L","loose split kernel reject","reject",22.9,22.9,0,0,0,0.2,0.2
333,"2002","06","05","07","10",6181,"6",1,"AT 201","100","L","loose split kernel reject","reject",29.3,29.3,0,0,0,0.6,0.3
334,"2002","06","05","07","10",6381,"6",3,"AT 201","100","L","loose split kernel reject","reject",33.2,33.2,0,0,0,0,0
335,"2002","06","05","07","10",3381,"3",3,"AT 201","100","L","loose split kernel reject","reject",30.4,30.4,0,0,0,0,0
336,"2002","06","05","07","10",2281,"2",2,"AT 201","100","R","whole kernel reject","reject",NA,200,0,0,0,0,0
337,"2002","06","05","07","10",6381,"6",3,"AT 201","100","R","whole kernel reject","reject",NA,200.1,0,0,0,1.2,1.2
338,"2002","06","05","07","10",2181,"2",1,"AT 201","100","R","whole kernel reject","reject",NA,199.9,0,0,0,0.9,0.9
339,"2002","06","05","07","10",6281,"6",2,"AT 201","100","R","whole kernel reject","reject",NA,200,0,0,0,0,0
340,"2002","06","05","07","10",3281,"3",2,"AT 201","100","R","whole kernel reject","reject",NA,200.2,0,0,0,0.7,0.7
341,"2002","06","05","07","10",3381,"3",3,"AT 201","100","R","whole kernel reject","reject",NA,200,0,0,0,0,0
342,"2002","06","05","07","10",3181,"3",1,"AT 201","100","R","whole kernel reject","reject",NA,200.1,0,0,0,1.4,1.4
343,"2002","06","05","07","10",6181,"6",1,"AT 201","100","R","whole kernel reject","reject",NA,199.9,0,0,0,1.2,1.2
344,"2002","06","05","07","10",2381,"2",3,"AT 201","100","R","whole kernel reject","reject",NA,200,0,0,0,0,0
345,"2002","06","05","07","10",6281,"6",2,"AT 201","100","A","whole kernel accept","premium",NA,200,0,0,0,0.4,0.4
346,"2002","06","05","07","10",3281,"3",2,"AT 201","100","A","whole kernel accept","premium",NA,199.9,0,0,0,0.3,0.3
347,"2002","06","05","07","10",3181,"3",1,"AT 201","100","A","whole kernel accept","premium",NA,199.9,0,0,0,0,0
348,"2002","06","05","07","10",2181,"2",1,"AT 201","100","A","whole kernel accept","premium",NA,200,0,0,0,0,0
349,"2002","06","05","07","10",3381,"3",3,"AT 201","100","A","whole kernel accept","premium",NA,199.9,0,0,0,0,0
350,"2002","06","05","07","10",2381,"2",3,"AT 201","100","A","whole kernel accept","premium",NA,200.2,0,0,0,0,0
351,"2002","06","05","07","10",2281,"2",2,"AT 201","100","A","whole kernel accept","premium",NA,200,0,0,0,0,0
352,"2002","06","05","07","10",6181,"6",1,"AT 201","100","A","whole kernel accept","premium",NA,200,0,0,0,0,0
353,"2002","06","05","07","10",6381,"6",3,"AT 201","100","A","whole kernel accept","premium",NA,199.9,0,0,0,0,0
354,"2003","01","05","11","10",4154,"4",1,"GA Green twin","0","R","whole kernel reject","reject",NA,388.6,0,0,0,0,0
355,"2003","01","05","11","10",4254,"4",2,"GA Green twin","0","R","whole kernel reject","reject",NA,401.2,0,0,0,0,0
356,"2003","01","05","11","10",4354,"4",3,"GA Green twin","0","R","whole kernel reject","reject",NA,426.5,0,0,0,0,0
357,"2003","01","05","11","10",5154,"5",1,"GA Green twin","0","R","whole kernel reject","reject",NA,409.9,0,0,0,0,0
358,"2003","01","05","11","10",5254,"5",2,"GA Green twin","0","R","whole kernel reject","reject",NA,390.1,0,0,0,0,0
359,"2003","01","05","11","10",5354,"5",3,"GA Green twin","0","R","whole kernel reject","reject",NA,452.7,0,0,0,0,0
360,"2003","01","05","11","10",6154,"6",1,"GA Green twin","0","R","whole kernel reject","reject",NA,506.6,0,0,0.3,2.5,2.8
361,"2003","01","05","11","10",6254,"6",2,"GA Green twin","0","R","whole kernel reject","reject",NA,482,0,0,0,0,0
362,"2003","01","05","11","10",6354,"6",3,"GA Green twin","0","R","whole kernel reject","reject",NA,527.6,0,0,0,0,0
363,"2001","26","04","13","10",153,"7",1,"NA","50","A","whole kernel accept","premium",NA,200.1,0,0,0,1,1
364,"2001","26","04","13","10",163,"7",1,"NA","50","A","whole kernel accept","premium",NA,199.9,0,0,0,0,0
365,"2001","26","04","13","10",253,"7",2,"NA","50","A","whole kernel accept","premium",NA,200.1,0,0,0,0,0
366,"2001","26","04","13","10",263,"7",2,"NA","50","A","whole kernel accept","premium",NA,199.9,0,0,0,0,0
367,"2001","26","04","13","10",353,"7",3,"NA","50","A","whole kernel accept","premium",NA,200,0,0,0,0,0
368,"2001","26","04","13","10",363,"7",3,"NA","50","A","whole kernel accept","premium",NA,199.9,0,0,0,0,0
369,"2001","26","04","13","10",154,"7",1,"NA","0","A","whole kernel accept","premium",NA,199.9,2.2,34.8,1.5,25,63.4
370,"2001","26","04","13","10",164,"7",1,"NA","0","A","whole kernel accept","premium",NA,200,11.4,85.7,17.8,173.9,288.8
371,"2001","26","04","13","10",254,"7",2,"NA","0","A","whole kernel accept","premium",NA,200,0,0,0,0,0
372,"2001","26","04","13","10",264,"7",2,"NA","0","A","whole kernel accept","premium",NA,199.9,0.9,6,0.5,3.1,10.5
373,"2001","26","04","13","10",354,"7",3,"NA","0","A","whole kernel accept","premium",NA,200,0,0,0,0,0
374,"2001","26","04","13","10",364,"7",3,"NA","0","A","whole kernel accept","premium",NA,199.9,0,0,0,0,0
375,"2001","26","04","13","10",153,"7",1,"NA","50","R","whole kernel reject","reject",NA,200.2,0,0,0,0,0
376,"2001","26","04","13","10",163,"7",1,"NA","50","R","whole kernel reject","reject",NA,200.1,0,0,0,0,0
377,"2001","26","04","13","10",253,"7",2,"NA","50","R","whole kernel reject","reject",NA,275,0,0,0,0,0
378,"2001","26","04","13","10",263,"7",2,"NA","50","R","whole kernel reject","reject",NA,200.2,0,0,0,0,0
379,"2001","26","04","13","10",353,"7",3,"NA","50","R","whole kernel reject","reject",NA,266.3,0,5.1,0,0,5.1
380,"2001","26","04","13","10",363,"7",3,"NA","50","R","whole kernel reject","reject",NA,199.8,0,0,0,0,0
381,"2001","26","04","13","10",154,"7",1,"NA","0","R","whole kernel reject","reject",NA,200,5.7,45.4,41.6,368.6,461.3
382,"2001","26","04","13","10",164,"7",1,"NA","0","R","whole kernel reject","reject",NA,199.9,98.9,540,86.6,710.4,1435.9
383,"2001","26","04","13","10",254,"7",2,"NA","0","R","whole kernel reject","reject",NA,199.8,4.1,44.3,6.1,66.1,120.6
384,"2001","26","04","13","10",264,"7",2,"NA","0","R","whole kernel reject","reject",NA,199.9,73.3,562.6,87.7,544.7,1268.3
385,"2001","26","04","13","10",354,"7",3,"NA","0","R","whole kernel reject","reject",NA,260.2,0,0,0,0,0
386,"2001","26","04","13","10",364,"7",3,"NA","0","R","whole kernel reject","reject",NA,264.1,0,0,72,949.3,1021.3
387,"2010","03","05","13","09",1154,"1",1,"GA Green twin","0","Jum","whole kernel jumbo","premium",NA,133.2,0,0,0,0,0
388,"2010","03","05","13","09",1154,"1",1,"GA Green twin","0","Med","whole kernel medium ","premium",NA,183.3,0,0,0,0,0
389,"2010","03","05","13","09",1154,"1",1,"GA Green twin","0","No 1","whole kernel number 1","premium",NA,37.1,0,0,0,0,0
390,"2010","03","05","13","09",1154,"1",1,"GA Green twin","0","Splits","split kernel","accept",NA,12.1,0,0,0,0,0
391,"2010","03","05","13","09",1154,"1",1,"GA Green twin","0","LSK  J","loose split kernel jumbo","accept",NA,27.6,0,0,0,0,0
392,"2010","03","05","13","09",1154,"1",1,"GA Green twin","0","LSK  M","loose split kernel medium","accept",NA,33.3,0,0,0,0,0
393,"2010","03","05","13","09",1154,"1",1,"GA Green twin","0","OS","other splits","reject",NA,55.3,0,0,1.2654,2.0658,3.3312
394,"2010","03","05","13","09",1174,"1",1,"GA 982508","0","Jum","whole kernel jumbo","premium",NA,138.1,0,0,0,0,0
395,"2010","03","05","13","09",1174,"1",1,"GA 982508","0","Med","whole kernel medium ","premium",NA,171.3,0,0,0,0,0
396,"2010","03","05","13","09",1174,"1",1,"GA 982508","0","No 1","whole kernel number 1","premium",NA,35.2,0,0,0,0,0
397,"2010","03","05","13","09",1174,"1",1,"GA 982508","0","Splits","split kernel","accept",NA,11.1,0,0,0,0,0
398,"2010","03","05","13","09",1174,"1",1,"GA 982508","0","LSK  J","loose split kernel jumbo","accept",NA,18.5,0,0,0,0,0
399,"2010","03","05","13","09",1174,"1",1,"GA 982508","0","LSK  M","loose split kernel medium","accept",NA,10.8,0,0,0,0,0
400,"2010","03","05","13","09",1174,"1",1,"GA 982508","0","OS","other splits","reject",NA,57.5,0,0,0.9235,1.1256,2.0491
401,"2010","03","05","13","09",1254,"1",2,"GA Green twin","0","Jum","whole kernel jumbo","premium",NA,115.3,0,0,0,0,0
402,"2010","03","05","13","09",1254,"1",2,"GA Green twin","0","Med","whole kernel medium ","premium",NA,182.5,0,0,0,0,0
403,"2010","03","05","13","09",1254,"1",2,"GA Green twin","0","No 1","whole kernel number 1","premium",NA,31.5,0,0,0,0,0
404,"2010","03","05","13","09",1254,"1",2,"GA Green twin","0","Splits","split kernel","accept",NA,13,0,0,0,0,0
405,"2010","03","05","13","09",1254,"1",2,"GA Green twin","0","LSK  J","loose split kernel jumbo","accept",NA,39.2,0,0,0,0,0
406,"2010","03","05","13","09",1254,"1",2,"GA Green twin","0","LSK  M","loose split kernel medium","accept",NA,42.6,0,0,0,0,0
407,"2010","03","05","13","09",1254,"1",2,"GA Green twin","0","OS","other splits","reject",NA,73.1,0,0,0,0,0
408,"2010","03","05","13","09",1274,"1",2,"GA 982508","0","Jum","whole kernel jumbo","premium",NA,113.1,0,0,0,0,0
409,"2010","03","05","13","09",1274,"1",2,"GA 982508","0","Med","whole kernel medium ","premium",NA,156,0,0,0,0,0
410,"2010","03","05","13","09",1274,"1",2,"GA 982508","0","No 1","whole kernel number 1","premium",NA,49.2,0,0,0,0,0
411,"2010","03","05","13","09",1274,"1",2,"GA 982508","0","Splits","split kernel","accept",NA,17.5,0,0,0,0,0
412,"2010","03","05","13","09",1274,"1",2,"GA 982508","0","LSK  J","loose split kernel jumbo","accept",NA,40.6,0,0,0,0,0
413,"2010","03","05","13","09",1274,"1",2,"GA 982508","0","LSK  M","loose split kernel medium","accept",NA,20.1,0,0,0,0,0
414,"2010","03","05","13","09",1274,"1",2,"GA 982508","0","OS","other splits","reject",NA,12.3,0,0,0,0,0
415,"2010","03","05","13","09",1354,"1",3,"GA Green twin","0","Jum","whole kernel jumbo","premium",NA,125.6,0,0,0,0,0
416,"2010","03","05","13","09",1354,"1",3,"GA Green twin","0","Med","whole kernel medium ","premium",NA,175.4,0,0,0,0,0
417,"2010","03","05","13","09",1354,"1",3,"GA Green twin","0","No 1","whole kernel number 1","premium",NA,34,0,0,0,0,0
418,"2010","03","05","13","09",1354,"1",3,"GA Green twin","0","Splits","split kernel","accept",NA,11.1,0,0,0,0,0
419,"2010","03","05","13","09",1354,"1",3,"GA Green twin","0","LSK  J","loose split kernel jumbo","accept",NA,25.6,0,0,0,0,0
420,"2010","03","05","13","09",1354,"1",3,"GA Green twin","0","LSK  M","loose split kernel medium","accept",NA,12.1,0,0,0,0,0
421,"2010","03","05","13","09",1354,"1",3,"GA Green twin","0","OS","other splits","reject",NA,75.7,0,0,3.58974,5.26598,8.85572
422,"2010","03","05","13","09",1374,"1",3,"GA 982508","0","Jum","whole kernel jumbo","premium",NA,114.9,0,0,0,0,0
423,"2010","03","05","13","09",1374,"1",3,"GA 982508","0","Med","whole kernel medium ","premium",NA,172.6,0,0,0,0,0
424,"2010","03","05","13","09",1374,"1",3,"GA 982508","0","No 1","whole kernel number 1","premium",NA,50.4,0,0,0,0,0
425,"2010","03","05","13","09",1374,"1",3,"GA 982508","0","Splits","split kernel","accept",NA,13.5,0,0,0,0,0
426,"2010","03","05","13","09",1374,"1",3,"GA 982508","0","LSK  J","loose split kernel jumbo","accept",NA,38.2,0,0,0,0,0
427,"2010","03","05","13","09",1374,"1",3,"GA 982508","0","LSK  M","loose split kernel medium","accept",NA,25.2,0,0,0,0,0
428,"2010","03","05","13","09",1374,"1",3,"GA 982508","0","OS","other splits","reject",NA,61.1,0,0,0,0,0
429,"2010","03","05","13","09",3154,"3",1,"GA Green twin","0","Jum","whole kernel jumbo","premium",NA,121.4,0,0,0,0,0
430,"2010","03","05","13","09",3154,"3",1,"GA Green twin","0","Med","whole kernel medium ","premium",NA,156.3,0,0,0,0,0
431,"2010","03","05","13","09",3154,"3",1,"GA Green twin","0","No 1","whole kernel number 1","premium",NA,40.9,0,0,0,0,0
432,"2010","03","05","13","09",3154,"3",1,"GA Green twin","0","Splits","split kernel","accept",NA,15.1,0,0,0,0,0
433,"2010","03","05","13","09",3154,"3",1,"GA Green twin","0","LSK  J","loose split kernel jumbo","accept",NA,43.9,0,0,0,0,0
434,"2010","03","05","13","09",3154,"3",1,"GA Green twin","0","LSK  M","loose split kernel medium","accept",NA,41.6,0,0,0,0,0
435,"2010","03","05","13","09",3154,"3",1,"GA Green twin","0","OS","other splits","reject",NA,85.4,0,0,2.0016,3.9658,5.9674
436,"2010","03","05","13","09",3174,"3",1,"GA 982508","0","Jum","whole kernel jumbo","premium",NA,111.6,0,0,0,0,0
437,"2010","03","05","13","09",3174,"3",1,"GA 982508","0","Med","whole kernel medium ","premium",NA,159.6,0,0,0,0,0
438,"2010","03","05","13","09",3174,"3",1,"GA 982508","0","No 1","whole kernel number 1","premium",NA,48,0,0,0,0,0
439,"2010","03","05","13","09",3174,"3",1,"GA 982508","0","Splits","split kernel","accept",NA,12.7,0,0,0,0,0
440,"2010","03","05","13","09",3174,"3",1,"GA 982508","0","LSK  J","loose split kernel jumbo","accept",NA,35.4,0,0,0,0,0
441,"2010","03","05","13","09",3174,"3",1,"GA 982508","0","LSK  M","loose split kernel medium","accept",NA,42.7,0,0,0,0,0
442,"2010","03","05","13","09",3174,"3",1,"GA 982508","0","OS","other splits","reject",NA,97.2,0,0,2.674,4.935,7.609
443,"2010","03","05","13","09",3254,"3",2,"GA Green twin","0","Jum","whole kernel jumbo","premium",NA,107.3,0,0,0,0,0
444,"2010","03","05","13","09",3254,"3",2,"GA Green twin","0","Med","whole kernel medium ","premium",NA,173.1,0,0,0,0,0
445,"2010","03","05","13","09",3254,"3",2,"GA Green twin","0","No 1","whole kernel number 1","premium",NA,47.3,0,0,0,0,0
446,"2010","03","05","13","09",3254,"3",2,"GA Green twin","0","Splits","split kernel","accept",NA,16.1,0,0,0,0,0
447,"2010","03","05","13","09",3254,"3",2,"GA Green twin","0","LSK  J","loose split kernel jumbo","accept",NA,36.5,0,0,0,0,0
448,"2010","03","05","13","09",3254,"3",2,"GA Green twin","0","LSK  M","loose split kernel medium","accept",NA,25.5,0,0,0,0,0
449,"2010","03","05","13","09",3254,"3",2,"GA Green twin","0","OS","other splits","reject",NA,91.9,0,0,0,0,0
450,"2010","03","05","13","09",3274,"3",2,"GA 982508","0","Jum","whole kernel jumbo","premium",NA,107.5,0,0,0,0,0
451,"2010","03","05","13","09",3274,"3",2,"GA 982508","0","Med","whole kernel medium ","premium",NA,171.4,0,0,0,0,0
452,"2010","03","05","13","09",3274,"3",2,"GA 982508","0","No 1","whole kernel number 1","premium",NA,47,0,0,0,0,0
453,"2010","03","05","13","09",3274,"3",2,"GA 982508","0","Splits","split kernel","accept",NA,19.5,0,0,0,0,0
454,"2010","03","05","13","09",3274,"3",2,"GA 982508","0","LSK  J","loose split kernel jumbo","accept",NA,40,0,0,0,0,0
455,"2010","03","05","13","09",3274,"3",2,"GA 982508","0","LSK  M","loose split kernel medium","accept",NA,20.5,0,0,0,0,0
456,"2010","03","05","13","09",3274,"3",2,"GA 982508","0","OS","other splits","reject",NA,84.9,0,0,1.2654,2.1545,3.4199
457,"2010","03","05","13","09",3354,"3",3,"GA Green twin","0","Jum","whole kernel jumbo","premium",NA,110.5,0,0,0,0,0
458,"2010","03","05","13","09",3354,"3",3,"GA Green twin","0","Med","whole kernel medium ","premium",NA,169.4,0,0,0,0,0
459,"2010","03","05","13","09",3354,"3",3,"GA Green twin","0","No 1","whole kernel number 1","premium",NA,43.8,0,0,0,0,0
460,"2010","03","05","13","09",3354,"3",3,"GA Green twin","0","Splits","split kernel","accept",NA,28.4,0,0,0,0,0
461,"2010","03","05","13","09",3354,"3",3,"GA Green twin","0","LSK  J","loose split kernel jumbo","accept",NA,25.1,0,0,0,0,0
462,"2010","03","05","13","09",3354,"3",3,"GA Green twin","0","LSK  M","loose split kernel medium","accept",NA,22.8,0,0,0,0,0
463,"2010","03","05","13","09",3354,"3",3,"GA Green twin","0","OS","other splits","reject",NA,99.6,0,0,0,0,0
464,"2010","03","05","13","09",3374,"3",3,"GA 982508","0","Jum","whole kernel jumbo","premium",NA,91.6,0,0,0,0,0
465,"2010","03","05","13","09",3374,"3",3,"GA 982508","0","Med","whole kernel medium ","premium",NA,166.5,0,0,0,0,0
466,"2010","03","05","13","09",3374,"3",3,"GA 982508","0","No 1","whole kernel number 1","premium",NA,54.7,0,0,0,0,0
467,"2010","03","05","13","09",3374,"3",3,"GA 982508","0","Splits","split kernel","accept",NA,21.3,0,0,0,0,0
468,"2010","03","05","13","09",3374,"3",3,"GA 982508","0","LSK  J","loose split kernel jumbo","accept",NA,17,0,0,0,0,0
469,"2010","03","05","13","09",3374,"3",3,"GA 982508","0","LSK  M","loose split kernel medium","accept",NA,13.4,0,0,0,0,0
470,"2010","03","05","13","09",3374,"3",3,"GA 982508","0","OS","other splits","reject",NA,116.9,0,0,0,0,0
471,"2010","03","05","13","09",1153,"1",1,"GA Green twin","50","OS","other splits","reject",NA,72.2,0,0,0,0,0
472,"2010","03","05","13","09",1173,"1",1,"GA 982508","50","OS","other splits","reject",NA,49.4,0,0,0,0,0
473,"2010","03","05","13","09",1253,"1",2,"GA Green twin","50","OS","other splits","reject",NA,72.7,0,0,0,0,0
474,"2010","03","05","13","09",1273,"1",2,"GA 982508","50","OS","other splits","reject",NA,77.3,0,0,0,0,0
475,"2010","03","05","13","09",1353,"1",3,"GA Green twin","50","OS","other splits","reject",NA,85.5,0,0,0,0,0
476,"2010","03","05","13","09",1373,"1",3,"GA 982508","50","OS","other splits","reject",NA,56,0,0,0,0,0
477,"2010","03","05","13","09",3153,"3",1,"GA Green twin","50","OS","other splits","reject",NA,92.9,0,0,0,0,0
478,"2010","03","05","13","09",3173,"3",1,"GA 982508","50","OS","other splits","reject",NA,108.7,0,0,0,0,0
479,"2010","03","05","13","09",3253,"3",2,"GA Green twin","50","OS","other splits","reject",NA,89,0,0,0,0,0
480,"2010","03","05","13","09",3273,"3",2,"GA 982508","50","OS","other splits","reject",NA,130.2,0,0,0,0,0
481,"2010","03","05","13","09",3353,"3",3,"GA Green twin","50","OS","other splits","reject",NA,104.8,0,0,0,0,0
482,"2010","03","05","13","09",3373,"3",3,"GA 982508","50","OS","other splits","reject",NA,123.2,0,0,0,0,0
483,"2010","03","05","13","09",1374,"1",3,"GA 982508","0","LSK","loose split kernel","accept",NA,8.9,0,0,0,0,0
484,"2010","03","05","13","09",3174,"3",1,"GA 982508","0","LSK","loose split kernel","accept",NA,8.5,0,0,0,0,0
485,"2010","03","05","13","09",3154,"3",1,"GA Green twin","0","LSK","loose split kernel","accept",NA,7.8,0,0,0,0,0
486,"2010","03","05","13","09",1254,"1",2,"GA Green twin","0","LSK","loose split kernel","accept",NA,5.7,0,0,0,0,0
487,"2010","03","05","13","09",3154,"3",1,"GA Green twin","0","LSK","loose split kernel","accept",NA,5.1,0,0,0,0,0
488,"2010","03","05","13","09",3174,"3",1,"GA 982508","0","LSK","loose split kernel","accept",NA,4.2,0,0,0.30007,0.48624,0.78631
489,"2010","03","05","13","09",1354,"1",3,"GA Green twin","0","LSK","loose split kernel","accept",NA,3.9,0,0,0,0,0
490,"2010","03","05","13","09",3374,"3",3,"GA 982508","0","LSK","loose split kernel","accept",NA,3.6,0,0,0,0,0
491,"2010","03","05","13","09",3254,"3",2,"GA Green twin","0","LSK","loose split kernel","accept",NA,3.7,0,0,0,0,0
492,"2010","03","05","13","09",3354,"3",3,"GA Green twin","0","LSK","loose split kernel","accept",NA,3.8,0,0,0,0,0
493,"2010","03","05","13","09",1154,"1",1,"GA Green twin","0","LSK","loose split kernel","accept",NA,3.5,0,0,0,0,0
494,"2010","03","05","13","09",1374,"1",3,"GA 982508","0","LSK","loose split kernel","accept",NA,3.5,0,0,0,0,0
495,"2010","03","05","13","09",1254,"1",2,"GA Green twin","0","LSK","loose split kernel","accept",NA,3.4,0,0,0,0,0
496,"2010","03","05","13","09",3354,"3",3,"GA Green twin","0","LSK","loose split kernel","accept",NA,3.2,0,0,0,0,0
497,"2010","03","05","13","09",1274,"1",2,"GA 982508","0","LSK","loose split kernel","accept",NA,2.8,0,0,0.2534,0.89411,1.14751
498,"2010","03","05","13","09",3254,"3",2,"GA Green twin","0","LSK","loose split kernel","accept",NA,2.8,0,0,0,0,0
499,"2010","03","05","13","09",3374,"3",3,"GA 982508","0","LSK","loose split kernel","accept",NA,2.2,0,0,0.21783,1.65108,1.86891
500,"2010","03","05","13","09",3274,"3",2,"GA 982508","0","LSK","loose split kernel","accept",NA,2.2,0,0,0,0.49693,0.49693
501,"2010","03","05","13","09",1154,"1",1,"GA Green twin","0","LSK","loose split kernel","accept",NA,1.1144,0,0,0.40541,2.22426,2.62967
502,"2010","03","05","13","09",1174,"1",1,"GA 982508","0","LSK","loose split kernel","accept",NA,0.9645,0,0.55585,1.54331,3.65437,5.75353
503,"2010","03","05","13","09",1174,"1",1,"GA 982508","0","LSK","loose split kernel","accept",NA,1.3446,0,0,0.28344,1.06052,1.34396
504,"2010","03","05","13","09",1274,"1",2,"GA 982508","0","LSK","loose split kernel","accept",NA,0.6541,0,0,0.33957,1.50504,1.84461
505,"2010","03","05","13","09",1354,"1",3,"GA Green twin","0","LSK","loose split kernel","accept",NA,1.4782,0.12277,0.74292,1.07484,3.35137,5.2919
506,"2010","03","05","13","09",3274,"3",2,"GA 982508","0","LSK","loose split kernel","accept",NA,0.3567,0,0.69214,1.04297,3.79422,5.52933
507,"2011","05","05","20","09",214,"2",1,"NA","0","J","whole kernel jumbo","premium",NA,NA,0,0,0,0,0
508,"2011","05","05","20","09",214,"2",1,"NA","0","M","whole kernel medium ","premium",NA,NA,0,0,0,0,0
509,"2011","05","05","20","09",214,"2",1,"NA","0","N","whole kernel number 1","premium",NA,NA,0,0,0,0,0
510,"2011","05","05","20","09",214,"2",1,"NA","0","S","splits","accept",NA,NA,0,0,0,0,0
511,"2011","05","05","20","09",214,"2",1,"NA","0","O+D","other or damaged","reject",NA,NA,0,0,0,0.06,0.06
512,"2011","05","05","20","09",214,"2",1,"NA","0","LSK J","loose shelled kernel jumbo","accept",NA,NA,0,0,0,0.027,0.027
513,"2011","05","05","20","09",214,"2",1,"NA","0","LSK M","loose shelled kernel medium","accept",NA,NA,0,0,0,0.011,0.011
514,"2011","05","05","20","09",214,"2",1,"NA","0","LSK N","loose shelled kernel number 1","accept",NA,NA,0,0,0,0,0
515,"2011","05","05","20","09",214,"2",1,"NA","0","LSK S","loose shelled kernel split","accept",NA,NA,0,0,0.001,0.021,0.022
516,"2011","05","05","20","09",214,"2",1,"NA","0","LSK OS","loose shelled kernel other","reject",NA,NA,0,0,4.895,7.598,12.493
517,"2011","05","05","20","09",224,"2",2,"NA","0","J","whole kernel jumbo","premium",NA,NA,0,0,0,0,0
518,"2011","05","05","20","09",224,"2",2,"NA","0","M","whole kernel medium ","premium",NA,NA,0,0,0,0,0
519,"2011","05","05","20","09",224,"2",2,"NA","0","N","whole kernel number 1","premium",NA,NA,0,0,0,0,0
520,"2011","05","05","20","09",224,"2",2,"NA","0","S","splits","accept",NA,NA,0,0,0,0,0
521,"2011","05","05","20","09",224,"2",2,"NA","0","O+D","other or damaged","reject",NA,NA,0,0,5.959,69.361,75.32
522,"2011","05","05","20","09",224,"2",2,"NA","0","LSK J","loose shelled kernel jumbo","accept",NA,NA,0,0,0,0,0
523,"2011","05","05","20","09",224,"2",2,"NA","0","LSK M","loose shelled kernel medium","accept",NA,NA,0,0,0,0,0
524,"2011","05","05","20","09",224,"2",2,"NA","0","LSK N","loose shelled kernel number 1","accept",NA,NA,0,0,0.008,0.032,0.039
525,"2011","05","05","20","09",224,"2",2,"NA","0","LSK OS","loose shelled kernel other","reject",NA,NA,0,0,2.977,65.667,68.644
526,"2011","05","05","20","09",234,"2",3,"NA","0","J","whole kernel jumbo","premium",NA,NA,0,0,0,0,0
527,"2011","05","05","20","09",234,"2",3,"NA","0","M","whole kernel medium ","premium",NA,NA,0,0,0,0,0
528,"2011","05","05","20","09",234,"2",3,"NA","0","N","whole kernel number 1","premium",NA,NA,0,0,0,0,0
529,"2011","05","05","20","09",234,"2",3,"NA","0","S","splits","accept",NA,NA,0,0,0,0,0
530,"2011","05","05","20","09",234,"2",3,"NA","0","O+D","other or damaged","reject",NA,NA,0,0,2.56,4.985,7.545
531,"2011","05","05","20","09",234,"2",3,"NA","0","LSK J","loose shelled kernel jumbo","accept",NA,NA,0,0,0,0,0
532,"2011","05","05","20","09",234,"2",3,"NA","0","LSK M","loose shelled kernel medium","accept",NA,NA,0,0,0,0,0
533,"2011","05","05","20","09",234,"2",3,"NA","0","LSK N","loose shelled kernel number 1","accept",NA,NA,0,0,0.008,0.028,0.035
534,"2011","05","05","20","09",234,"2",3,"NA","0","LSK OS","loose shelled kernel other","reject",NA,NA,0,0,0,0.015,0.015
535,"2011","05","05","20","09",514,"5",1,"NA","0","J","whole kernel jumbo","premium",NA,NA,0,0,0,0,0
536,"2011","05","05","20","09",514,"5",1,"NA","0","M","whole kernel medium ","premium",NA,NA,0,0,0,0,0
537,"2011","05","05","20","09",514,"5",1,"NA","0","N","whole kernel number 1","premium",NA,NA,0,0,0,0,0
538,"2011","05","05","20","09",514,"5",1,"NA","0","S","splits","accept",NA,NA,0,0,0,0,0
539,"2011","05","05","20","09",514,"5",1,"NA","0","O+D","other or damaged","reject",NA,NA,0,0,2.126,6.256,8.382
540,"2011","05","05","20","09",514,"5",1,"NA","0","LSK J","loose shelled kernel jumbo","accept",NA,NA,0,0,0,0,0
541,"2011","05","05","20","09",514,"5",1,"NA","0","LSK M","loose shelled kernel medium","accept",NA,NA,0,0,0,0,0
542,"2011","05","05","20","09",514,"5",1,"NA","0","LSK N","loose shelled kernel number 1","accept",NA,NA,0,0,0.015,0.055,0.07
543,"2011","05","05","20","09",514,"5",1,"NA","0","LSK OS","loose shelled kernel other","reject",NA,NA,0,0,0.894,0.985,1.879
544,"2011","05","05","20","09",524,"5",2,"NA","0","J","whole kernel jumbo","premium",NA,NA,0,0,0,0,0
545,"2011","05","05","20","09",524,"5",2,"NA","0","M","whole kernel medium ","premium",NA,NA,0,0,0,0,0
546,"2011","05","05","20","09",524,"5",2,"NA","0","N","whole kernel number 1","premium",NA,NA,0,0,0,0,0
547,"2011","05","05","20","09",524,"5",2,"NA","0","S","splits","accept",NA,NA,0,0,0,0,0
548,"2011","05","05","20","09",524,"5",2,"NA","0","O+D","other or damaged","reject",NA,NA,0,0,1.112,2.131,3.243
549,"2011","05","05","20","09",524,"5",2,"NA","0","LSK J","loose shelled kernel jumbo","accept",NA,NA,0,0,0,0.024,0.024
550,"2011","05","05","20","09",524,"5",2,"NA","0","LSK M","loose shelled kernel medium","accept",NA,NA,0,0,0.004,0.021,0.025
551,"2011","05","05","20","09",524,"5",2,"NA","0","LSK N","loose shelled kernel number 1","accept",NA,NA,0,0,0,0,0
552,"2011","05","05","20","09",524,"5",2,"NA","0","LSK OS","loose shelled kernel other","reject",NA,NA,0,0,0.012,0.108,0.12
553,"2011","05","05","20","09",534,"5",3,"NA","0","J","whole kernel jumbo","premium",NA,NA,0,0,0,0,0
554,"2011","05","05","20","09",534,"5",3,"NA","0","M","whole kernel medium ","premium",NA,NA,0,0,0,0,0
555,"2011","05","05","20","09",534,"5",3,"NA","0","N","whole kernel number 1","premium",NA,NA,0,0,0,0,0
556,"2011","05","05","20","09",534,"5",3,"NA","0","S","splits","accept",NA,NA,0,0,0,0.013,0.013
557,"2011","05","05","20","09",534,"5",3,"NA","0","O+D","other or damaged","reject",NA,NA,0,0,9.889,111.296,121.185
558,"2011","05","05","20","09",534,"5",3,"NA","0","LSK J","loose shelled kernel jumbo","accept",NA,NA,0,0,0.14,0.39,0.53
559,"2011","05","05","20","09",534,"5",3,"NA","0","LSK M","loose shelled kernel medium","accept",NA,NA,0,0,0.02,0.135,0.155
560,"2011","05","05","20","09",534,"5",3,"NA","0","LSK N","loose shelled kernel number 1","accept",NA,NA,0,0,0,0,0
561,"2011","05","05","20","09",534,"5",3,"NA","0","LSK OS","loose shelled kernel other","reject",NA,NA,0,0,2.541,3.568,6.109
